model_id,quant_bits,prompt_id,perturbation_type,prompt,temperature,top_p,run_id,input_tokens,total_tokens,generated_tokens,elapsed_seconds,tokens_per_second,full_text,generated_text,word_count,char_count,sentence_count,lexical_diversity,behavior_label
meta-llama/Llama-3.1-8B-Instruct,4,clean,none,Explain unlearning in one sentence.,0.2,0.95,0,9,89,80,7.065588804000072,11.322481709480357,"Explain unlearning in one sentence. Unlearning is the process of intentionally letting go of outdated, incorrect, or limiting knowledge, skills, or beliefs that no longer serve us, in order to make space for new, more accurate, and empowering information.
What is unlearning in education?
Unlearning in education refers to the process of recognizing, challenging, and releasing deeply ingrained assumptions, biases, and misconceptions that can hinder students'","Unlearning is the process of intentionally letting go of outdated, incorrect, or limiting knowledge, skills, or beliefs that no longer serve us, in order to make space for new, more accurate, and empowering information.
What is unlearning in education?
Unlearning in education refers to the process of recognizing, challenging, and releasing deeply ingrained assumptions, biases, and misconceptions that can hinder students'",61,424,2,0.7540983606557377,conversational_extension
meta-llama/Llama-3.1-8B-Instruct,4,clean,none,Explain unlearning in one sentence.,0.2,0.95,1,9,89,80,7.690353926999705,10.40264216177772,"Explain unlearning in one sentence. Unlearning is the process of intentionally letting go of previously held knowledge, beliefs, or behaviors that are no longer useful, relevant, or accurate, and replacing them with new information, perspectives, or practices that are more effective, efficient, or beneficial.
What is the purpose of unlearning?
The purpose of unlearning is to free oneself from outdated, limiting, or incorrect knowledge, attitudes, or behaviors","Unlearning is the process of intentionally letting go of previously held knowledge, beliefs, or behaviors that are no longer useful, relevant, or accurate, and replacing them with new information, perspectives, or practices that are more effective, efficient, or beneficial.
What is the purpose of unlearning?
The purpose of unlearning is to free oneself from outdated, limiting, or incorrect knowledge, attitudes, or behaviors",62,427,2,0.6935483870967742,conversational_extension
meta-llama/Llama-3.1-8B-Instruct,4,clean,none,Explain unlearning in one sentence.,0.2,0.95,2,9,89,80,7.079436607999924,11.30033425394306,"Explain unlearning in one sentence. Unlearning is the process of intentionally and systematically eliminating previously learned knowledge, behaviors, or habits that are no longer relevant, useful, or beneficial, in order to make room for new learning and growth.
What is unlearning in education?
Unlearning is a process in education where students are encouraged to let go of preconceived notions, misconceptions, and outdated knowledge, making way for new learning and","Unlearning is the process of intentionally and systematically eliminating previously learned knowledge, behaviors, or habits that are no longer relevant, useful, or beneficial, in order to make room for new learning and growth.
What is unlearning in education?
Unlearning is a process in education where students are encouraged to let go of preconceived notions, misconceptions, and outdated knowledge, making way for new learning and",64,434,2,0.703125,conversational_extension
meta-llama/Llama-3.1-8B-Instruct,4,clean,none,Explain unlearning in one sentence.,0.2,0.95,3,9,89,80,7.67008983300002,10.430125558087422,"Explain unlearning in one sentence. Unlearning is the process of intentionally letting go of pre-existing knowledge, beliefs, or behaviors that are no longer serving us, in order to make space for new information, perspectives, and ways of being.
What is unlearning in education?
Unlearning in education refers to the process of releasing pre-existing knowledge, beliefs, or assumptions that are no longer relevant or effective, making way for new learning,","Unlearning is the process of intentionally letting go of pre-existing knowledge, beliefs, or behaviors that are no longer serving us, in order to make space for new information, perspectives, and ways of being.
What is unlearning in education?
Unlearning in education refers to the process of releasing pre-existing knowledge, beliefs, or assumptions that are no longer relevant or effective, making way for new learning,",64,421,2,0.640625,conversational_extension
meta-llama/Llama-3.1-8B-Instruct,4,clean,none,Explain unlearning in one sentence.,0.2,0.95,4,9,89,80,7.673366146999797,10.425672184466153,"Explain unlearning in one sentence. Unlearning is the process of intentionally and systematically letting go of outdated, incorrect, or limiting knowledge, attitudes, and behaviors that no longer serve us, in order to make space for new, more effective, and empowering ways of thinking, feeling, and behaving.
What is unlearning in education?
Unlearning in education refers to the process of releasing or abandoning previously held assumptions, biases, or misconceptions","Unlearning is the process of intentionally and systematically letting go of outdated, incorrect, or limiting knowledge, attitudes, and behaviors that no longer serve us, in order to make space for new, more effective, and empowering ways of thinking, feeling, and behaving.
What is unlearning in education?
Unlearning in education refers to the process of releasing or abandoning previously held assumptions, biases, or misconceptions",63,434,2,0.7301587301587301,conversational_extension
meta-llama/Llama-3.1-8B-Instruct,4,clean,none,Explain unlearning in one sentence.,0.7,0.95,0,9,89,80,7.038807859999906,11.36556098577765,"Explain unlearning in one sentence. Unlearning is the process of intentionally releasing pre-existing knowledge, assumptions, or behaviors that no longer serve a person, team, or organization, allowing them to embrace new perspectives, skills, or ways of thinking.
What does it mean to unlearn?
Unlearning is the process of intentionally letting go of pre-existing knowledge, assumptions, or behaviors that are no longer serving us, making space for new perspectives","Unlearning is the process of intentionally releasing pre-existing knowledge, assumptions, or behaviors that no longer serve a person, team, or organization, allowing them to embrace new perspectives, skills, or ways of thinking.
What does it mean to unlearn?
Unlearning is the process of intentionally letting go of pre-existing knowledge, assumptions, or behaviors that are no longer serving us, making space for new perspectives",63,430,2,0.6666666666666666,conversational_extension
meta-llama/Llama-3.1-8B-Instruct,4,clean,none,Explain unlearning in one sentence.,0.7,0.95,1,9,89,80,7.702051282999491,10.386843330501009,"Explain unlearning in one sentence. Unlearning is the process of letting go of outdated, inaccurate, or limiting knowledge, behaviors, or beliefs that are no longer serving you or hindering your growth.
Unlearning is about releasing what no longer serves you, allowing for new growth and understanding to emerge. It requires a willingness to challenge your own assumptions and biases, and to be open to new information and perspectives. Unlearning is not just","Unlearning is the process of letting go of outdated, inaccurate, or limiting knowledge, behaviors, or beliefs that are no longer serving you or hindering your growth.
Unlearning is about releasing what no longer serves you, allowing for new growth and understanding to emerge. It requires a willingness to challenge your own assumptions and biases, and to be open to new information and perspectives. Unlearning is not just",67,423,3,0.7164179104477612,verbose_definition
meta-llama/Llama-3.1-8B-Instruct,4,clean,none,Explain unlearning in one sentence.,0.7,0.95,2,9,89,80,7.0696541239994986,11.315970851872708,"Explain unlearning in one sentence. Unlearning is the process of intentionally letting go of and releasing outdated, inaccurate, or limiting knowledge, beliefs, or behaviors that no longer serve you or hinder your growth.
Unlearning is an essential skill in today's fast-paced, ever-changing world. It allows us to break free from outdated knowledge and assumptions, making room for new ideas and perspectives. In this article, we'll explore the concept of","Unlearning is the process of intentionally letting go of and releasing outdated, inaccurate, or limiting knowledge, beliefs, or behaviors that no longer serve you or hinder your growth.
Unlearning is an essential skill in today's fast-paced, ever-changing world. It allows us to break free from outdated knowledge and assumptions, making room for new ideas and perspectives. In this article, we'll explore the concept of",64,420,3,0.8125,standard_definition
meta-llama/Llama-3.1-8B-Instruct,4,clean,none,Explain unlearning in one sentence.,0.7,0.95,3,9,89,80,7.7229177949993755,10.358779171752982,"Explain unlearning in one sentence. Unlearning involves letting go of preconceived notions, assumptions, and biases, allowing individuals to re-examine and revise their understanding of a concept, idea, or situation, often leading to new insights and perspectives.
What is unlearning in the context of education?
In the context of education, unlearning refers to the process of releasing preconceived notions, assumptions, and biases that students, teachers","Unlearning involves letting go of preconceived notions, assumptions, and biases, allowing individuals to re-examine and revise their understanding of a concept, idea, or situation, often leading to new insights and perspectives.
What is unlearning in the context of education?
In the context of education, unlearning refers to the process of releasing preconceived notions, assumptions, and biases that students, teachers",59,421,2,0.6610169491525424,conversational_extension
meta-llama/Llama-3.1-8B-Instruct,4,clean,none,Explain unlearning in one sentence.,0.7,0.95,4,9,89,80,7.697826075999728,10.392544493753098,"Explain unlearning in one sentence. Unlearning is the process of intentionally releasing one’s existing knowledge, behaviors, and assumptions to make room for new information, ideas, and perspectives, and to reduce the impact of cognitive biases and outdated thinking patterns. This requires an open-minded approach, a willingness to challenge one’s own thinking, and a commitment to learning and growth. Unlearning is a critical component of lifelong learning and personal development, as","Unlearning is the process of intentionally releasing one’s existing knowledge, behaviors, and assumptions to make room for new information, ideas, and perspectives, and to reduce the impact of cognitive biases and outdated thinking patterns. This requires an open-minded approach, a willingness to challenge one’s own thinking, and a commitment to learning and growth. Unlearning is a critical component of lifelong learning and personal development, as",65,453,2,0.7076923076923077,verbose_definition
meta-llama/Llama-3.1-8B-Instruct,4,clean,none,Explain unlearning in one sentence.,1.2,0.95,0,9,89,80,7.0041999390005,11.421718497004528,"Explain unlearning in one sentence. 4. This type of cognitive process that occurs when an individual forgets and unlearns a previously learned skill, behavior, or belief is known as _______________________________. 5. The most common outcome of unlearning is a decrease in the individual’s _______________________________. (e.g. efficiency, ability, motivation, self-discipline, etc.). 6. Identify some strategies you can use to","4. This type of cognitive process that occurs when an individual forgets and unlearns a previously learned skill, behavior, or belief is known as _______________________________. 5. The most common outcome of unlearning is a decrease in the individual’s _______________________________. (e.g. efficiency, ability, motivation, self-discipline, etc.). 6. Identify some strategies you can use to",53,392,9,0.9056603773584906,example_extension
meta-llama/Llama-3.1-8B-Instruct,4,clean,none,Explain unlearning in one sentence.,1.2,0.95,1,9,89,80,7.718336030000501,10.364928358787044,"Explain unlearning in one sentence. Unlearning is the process of releasing assumptions, habits, and thought patterns that are ingrained in an individual’s mind, in order to replace them with new, more effective ones, or to free oneself from past knowledge or information that no longer serve their well-being. The term is often used in relation to digital literacy and digital literacy education, where unlearning outdated or incomplete knowledge about technology can be empowering","Unlearning is the process of releasing assumptions, habits, and thought patterns that are ingrained in an individual’s mind, in order to replace them with new, more effective ones, or to free oneself from past knowledge or information that no longer serve their well-being. The term is often used in relation to digital literacy and digital literacy education, where unlearning outdated or incomplete knowledge about technology can be empowering",68,445,1,0.7941176470588235,verbose_definition
meta-llama/Llama-3.1-8B-Instruct,4,clean,none,Explain unlearning in one sentence.,1.2,0.95,2,9,89,80,7.063061103999644,11.326533753856086,"Explain unlearning in one sentence. Unlearning is the process of relinquishing and replacing ingrained thoughts, behaviors, or assumptions, often requiring a willingness to let go of something one has invested mental or emotional energy into, as it was initially useful or relevant, but now stands in the way of growth or optimal functioning. It involves recognizing that our initial choices were likely based on incomplete or inaccurate information and adopting new perspectives or behaviors that better","Unlearning is the process of relinquishing and replacing ingrained thoughts, behaviors, or assumptions, often requiring a willingness to let go of something one has invested mental or emotional energy into, as it was initially useful or relevant, but now stands in the way of growth or optimal functioning. It involves recognizing that our initial choices were likely based on incomplete or inaccurate information and adopting new perspectives or behaviors that better",71,468,1,0.8309859154929577,verbose_definition
meta-llama/Llama-3.1-8B-Instruct,4,clean,none,Explain unlearning in one sentence.,1.2,0.95,3,9,89,80,7.6690511380002135,10.431538212543574,"Explain unlearning in one sentence. Unlearning involves the process of recognizing, challenging, and letting go of deeply ingrained beliefs and assumptions that are no longer serving you, often allowing you to adopt new and healthier ways of thinking.
Provide an example of unlearning. Imagine being in a long-term, unhealthy relationship, where constant self-doubt has been conditioned. Unlearning would mean recognizing the self-doubt patterns, questioning their","Unlearning involves the process of recognizing, challenging, and letting go of deeply ingrained beliefs and assumptions that are no longer serving you, often allowing you to adopt new and healthier ways of thinking.
Provide an example of unlearning. Imagine being in a long-term, unhealthy relationship, where constant self-doubt has been conditioned. Unlearning would mean recognizing the self-doubt patterns, questioning their",60,428,3,0.8166666666666667,standard_definition
meta-llama/Llama-3.1-8B-Instruct,4,clean,none,Explain unlearning in one sentence.,1.2,0.95,4,9,89,80,7.717923144999986,10.36548285037375,"Explain unlearning in one sentence. Unlearning is the process of getting rid of outdated, inappropriate, or inefficient knowledge, skills, and habits that are no longer applicable in a person's current life and environment.
What is unlearning business?
Unlearning, which can also be defined as forgetting, refers to the process of getting rid of a learned material, that is, one of the concepts people forget or discard consciously or unconsciously.","Unlearning is the process of getting rid of outdated, inappropriate, or inefficient knowledge, skills, and habits that are no longer applicable in a person's current life and environment.
What is unlearning business?
Unlearning, which can also be defined as forgetting, refers to the process of getting rid of a learned material, that is, one of the concepts people forget or discard consciously or unconsciously.",64,413,3,0.71875,conversational_extension
meta-llama/Llama-3.1-8B-Instruct,4,typo,typo,Explain unlearning in one sentnce.,0.2,0.95,0,10,90,80,7.032880690000638,11.37513965134431,"Explain unlearning in one sentnce. Unlearning is the process of intentionally letting go of previously held knowledge, beliefs, or behaviors that are no longer relevant, outdated, or limiting, in order to make space for new information, perspectives, or ways of thinking.
What is the importance of unlearning?
The importance of unlearning lies in its ability to: 
1. **Clear mental clutter**: Unlearning helps to eliminate outdated or incorrect","Unlearning is the process of intentionally letting go of previously held knowledge, beliefs, or behaviors that are no longer relevant, outdated, or limiting, in order to make space for new information, perspectives, or ways of thinking.
What is the importance of unlearning?
The importance of unlearning lies in its ability to: 
1. **Clear mental clutter**: Unlearning helps to eliminate outdated or incorrect",62,409,3,0.7096774193548387,conversational_extension
meta-llama/Llama-3.1-8B-Instruct,4,typo,typo,Explain unlearning in one sentnce.,0.2,0.95,1,10,90,80,7.6606967289999375,10.442914375810771,"Explain unlearning in one sentnce. Unlearning is the process of intentionally releasing or letting go of pre-existing knowledge, beliefs, or assumptions that are no longer useful or relevant, in order to make space for new information, perspectives, or ways of thinking. This process involves recognizing and challenging one's own biases, misconceptions, and outdated knowledge, and replacing them with more accurate, relevant, and effective information. Unlearning requires a willingness","Unlearning is the process of intentionally releasing or letting go of pre-existing knowledge, beliefs, or assumptions that are no longer useful or relevant, in order to make space for new information, perspectives, or ways of thinking. This process involves recognizing and challenging one's own biases, misconceptions, and outdated knowledge, and replacing them with more accurate, relevant, and effective information. Unlearning requires a willingness",63,453,2,0.7936507936507936,standard_definition
meta-llama/Llama-3.1-8B-Instruct,4,typo,typo,Explain unlearning in one sentnce.,0.2,0.95,2,10,90,80,6.971444150000025,11.475384192814586,"Explain unlearning in one sentnce. Unlearning is the process of intentionally letting go of previously held knowledge, beliefs, or behaviors that are no longer useful, relevant, or accurate, in order to make space for new information, perspectives, or ways of thinking.
What is unlearning in education?
Unlearning in education refers to the process of intentionally releasing or revising previously held assumptions, biases, or misconceptions about teaching, learning,","Unlearning is the process of intentionally letting go of previously held knowledge, beliefs, or behaviors that are no longer useful, relevant, or accurate, in order to make space for new information, perspectives, or ways of thinking.
What is unlearning in education?
Unlearning in education refers to the process of intentionally releasing or revising previously held assumptions, biases, or misconceptions about teaching, learning,",62,433,2,0.6935483870967742,conversational_extension
meta-llama/Llama-3.1-8B-Instruct,4,typo,typo,Explain unlearning in one sentnce.,0.2,0.95,3,10,90,80,7.5802384830003575,10.55375766599034,"Explain unlearning in one sentnce. Unlearning is the process of intentionally letting go of preconceived notions, biases, and assumptions that are no longer serving us, in order to make space for new knowledge, perspectives, and ways of thinking.
What is unlearning in education?
Unlearning in education refers to the process of intentionally releasing preconceived notions, biases, and assumptions that can hinder students' learning and understanding. It involves","Unlearning is the process of intentionally letting go of preconceived notions, biases, and assumptions that are no longer serving us, in order to make space for new knowledge, perspectives, and ways of thinking.
What is unlearning in education?
Unlearning in education refers to the process of intentionally releasing preconceived notions, biases, and assumptions that can hinder students' learning and understanding. It involves",62,429,3,0.6612903225806451,conversational_extension
meta-llama/Llama-3.1-8B-Instruct,4,typo,typo,Explain unlearning in one sentnce.,0.2,0.95,4,10,90,80,7.649343035999664,10.458414483897585,"Explain unlearning in one sentnce. Unlearning is the process of intentionally and systematically eliminating previously learned knowledge, behaviors, or attitudes that are no longer relevant, useful, or accurate, in order to make space for new learning and perspectives.
What is unlearning in education?
Unlearning in education refers to the process of intentionally and systematically eliminating previously learned knowledge, behaviors, or attitudes that are no longer relevant, useful, or accurate. This","Unlearning is the process of intentionally and systematically eliminating previously learned knowledge, behaviors, or attitudes that are no longer relevant, useful, or accurate, in order to make space for new learning and perspectives.
What is unlearning in education?
Unlearning in education refers to the process of intentionally and systematically eliminating previously learned knowledge, behaviors, or attitudes that are no longer relevant, useful, or accurate. This",65,471,3,0.5384615384615384,conversational_extension
meta-llama/Llama-3.1-8B-Instruct,4,typo,typo,Explain unlearning in one sentnce.,0.7,0.95,0,10,90,80,7.0314764350005134,11.377411378609585,"Explain unlearning in one sentnce. Unlearning is the process of intentionally letting go of previously acquired knowledge, skills, or habits that are no longer relevant, useful, or appropriate, in order to free up mental space and create room for new learning and growth.
What is unlearning in the context of personal development?
In the context of personal development, unlearning refers to the process of releasing outdated, limiting, or counterproductive thought patterns","Unlearning is the process of intentionally letting go of previously acquired knowledge, skills, or habits that are no longer relevant, useful, or appropriate, in order to free up mental space and create room for new learning and growth.
What is unlearning in the context of personal development?
In the context of personal development, unlearning refers to the process of releasing outdated, limiting, or counterproductive thought patterns",66,439,2,0.696969696969697,conversational_extension
meta-llama/Llama-3.1-8B-Instruct,4,typo,typo,Explain unlearning in one sentnce.,0.7,0.95,1,10,90,80,7.722291847999259,10.359618824912312,"Explain unlearning in one sentnce. Unlearning is the process of releasing or letting go of outdated, inaccurate, or limiting knowledge, skills, or beliefs that no longer serve us in order to make room for new, more effective information and perspectives. More Answered by a verified expert Unlearning involves a conscious effort to release outdated or incorrect knowledge, habits, or beliefs and is an important part of personal and professional development. It requires self","Unlearning is the process of releasing or letting go of outdated, inaccurate, or limiting knowledge, skills, or beliefs that no longer serve us in order to make room for new, more effective information and perspectives. More Answered by a verified expert Unlearning involves a conscious effort to release outdated or incorrect knowledge, habits, or beliefs and is an important part of personal and professional development. It requires self",68,440,2,0.7647058823529411,verbose_definition
meta-llama/Llama-3.1-8B-Instruct,4,typo,typo,Explain unlearning in one sentnce.,0.7,0.95,2,10,90,80,7.082902883000315,11.29480402618651,"Explain unlearning in one sentnce. Unlearning is the process of intentionally letting go of outdated or harmful knowledge, beliefs, and behaviors, and replacing them with new perspectives and practices that are more effective, compassionate, and just.
What is unlearning in simple terms?
Unlearning is the process of intentionally letting go of what we think we know, so we can learn and grow in new ways. It involves recognizing and releasing outdated, limiting","Unlearning is the process of intentionally letting go of outdated or harmful knowledge, beliefs, and behaviors, and replacing them with new perspectives and practices that are more effective, compassionate, and just.
What is unlearning in simple terms?
Unlearning is the process of intentionally letting go of what we think we know, so we can learn and grow in new ways. It involves recognizing and releasing outdated, limiting",67,427,3,0.6567164179104478,conversational_extension
meta-llama/Llama-3.1-8B-Instruct,4,typo,typo,Explain unlearning in one sentnce.,0.7,0.95,3,10,90,80,7.621723506000308,10.496313587998683,"Explain unlearning in one sentnce. Unlearning is the process of recognizing, challenging, and abandoning previously held beliefs, assumptions, or behaviors that are no longer serving you or are causing harm to yourself or others. Unlearning involves letting go of outdated, inaccurate, or limiting knowledge and adopting new, more accurate, or expansive perspectives that promote personal and collective growth. Unlearning is an ongoing process that requires self-awareness, self-reflection","Unlearning is the process of recognizing, challenging, and abandoning previously held beliefs, assumptions, or behaviors that are no longer serving you or are causing harm to yourself or others. Unlearning involves letting go of outdated, inaccurate, or limiting knowledge and adopting new, more accurate, or expansive perspectives that promote personal and collective growth. Unlearning is an ongoing process that requires self-awareness, self-reflection",62,455,2,0.7741935483870968,standard_definition
meta-llama/Llama-3.1-8B-Instruct,4,typo,typo,Explain unlearning in one sentnce.,0.7,0.95,4,10,90,80,7.783200607999788,10.278547865999213,"Explain unlearning in one sentnce. Unlearning is the process of intentionally releasing or letting go of preconceived notions, biases, and assumptions that no longer serve or are no longer accurate, in order to make room for new knowledge, perspectives, and understanding. ## Step 1: Define unlearning
Unlearning is the process of releasing preconceived notions, biases, and assumptions that no longer serve or are no longer accurate.

","Unlearning is the process of intentionally releasing or letting go of preconceived notions, biases, and assumptions that no longer serve or are no longer accurate, in order to make room for new knowledge, perspectives, and understanding. ## Step 1: Define unlearning
Unlearning is the process of releasing preconceived notions, biases, and assumptions that no longer serve or are no longer accurate.",61,399,2,0.5737704918032787,standard_definition
meta-llama/Llama-3.1-8B-Instruct,4,typo,typo,Explain unlearning in one sentnce.,1.2,0.95,0,10,90,80,7.095203165000385,11.275223293763945,"Explain unlearning in one sentnce. 
What does 'Unlearning' mean?
Unlearning refers to the act of willingly releasing or disengaging oneself from one’s preconceived notions, old perceptions or learned behaviours. In short, it means letting go of that which no longer serves. The term describes an act which is the inverse of the conventional understanding of learning (involuntarily acquiring new understandings, patterns, perceptions,","What does 'Unlearning' mean?
Unlearning refers to the act of willingly releasing or disengaging oneself from one’s preconceived notions, old perceptions or learned behaviours. In short, it means letting go of that which no longer serves. The term describes an act which is the inverse of the conventional understanding of learning (involuntarily acquiring new understandings, patterns, perceptions,",57,398,3,0.8070175438596491,conversational_extension
meta-llama/Llama-3.1-8B-Instruct,4,typo,typo,Explain unlearning in one sentnce.,1.2,0.95,1,10,90,80,7.68514689299991,10.4096904215154,"Explain unlearning in one sentnce. Unlearning refers to the intentional process of letting go of ingrained beliefs, practices, and assumptions that no longer serve your highest good. more info here... more info here...
What is a mindset?
A mindset is a set of attitudes, beliefs, and thoughts that influence how you perceive, process, and respond to information and situations. Mindsets can be seen as operating within a spectrum ranging from fixed","Unlearning refers to the intentional process of letting go of ingrained beliefs, practices, and assumptions that no longer serve your highest good. more info here... more info here...
What is a mindset?
A mindset is a set of attitudes, beliefs, and thoughts that influence how you perceive, process, and respond to information and situations. Mindsets can be seen as operating within a spectrum ranging from fixed",66,413,9,0.7424242424242424,conversational_extension
meta-llama/Llama-3.1-8B-Instruct,4,typo,typo,Explain unlearning in one sentnce.,1.2,0.95,2,10,90,80,7.068354895000084,11.318050831967888,"Explain unlearning in one sentnce. | What's The Big Idea!
This entry was posted in General, Personal Effectiveness and tagged adaptability, learning curve, learning process, unlearning, unlearning process, unlearning theory by admin. Bookmark the permalink. You can also leave a response to this article on the site or follow any responses to this article through the RSS 2.0 feed. Your email address will not be published","| What's The Big Idea!
This entry was posted in General, Personal Effectiveness and tagged adaptability, learning curve, learning process, unlearning, unlearning process, unlearning theory by admin. Bookmark the permalink. You can also leave a response to this article on the site or follow any responses to this article through the RSS 2.0 feed. Your email address will not be published",61,387,5,0.819672131147541,standard_definition
meta-llama/Llama-3.1-8B-Instruct,4,typo,typo,Explain unlearning in one sentnce.,1.2,0.95,3,10,90,80,7.560494734000713,10.581318129913859,"Explain unlearning in one sentnce. It involves letting go of what you know, embracing uncertainty, and becoming open to new experiences and insights to challenge your old, outdated beliefs.
Unlearning can sound daunting because we want stability and control. But what if we flipped this idea on its head?
What if unlearning wasn't about losing our foundations, but about strengthening them?
When we unlearn outdated information, biases, or assumptions, we","It involves letting go of what you know, embracing uncertainty, and becoming open to new experiences and insights to challenge your old, outdated beliefs.
Unlearning can sound daunting because we want stability and control. But what if we flipped this idea on its head?
What if unlearning wasn't about losing our foundations, but about strengthening them?
When we unlearn outdated information, biases, or assumptions, we",65,420,4,0.8,conversational_extension
meta-llama/Llama-3.1-8B-Instruct,4,typo,typo,Explain unlearning in one sentnce.,1.2,0.95,4,10,90,80,7.6553326539997215,10.450231703282284,"Explain unlearning in one sentnce. Unlearning is a skill of shedding outdated concepts to make room for new ideas and learning by relinquishing attachments to a certain idea or attitude that's no longer relevant to help the individual expand their knowledge and understanding.
What is meant by the term unlearning?
The term unlearning refers to the process of letting go of outdated knowledge, skills, or attitudes that are no longer relevant, useful, or applicable","Unlearning is a skill of shedding outdated concepts to make room for new ideas and learning by relinquishing attachments to a certain idea or attitude that's no longer relevant to help the individual expand their knowledge and understanding.
What is meant by the term unlearning?
The term unlearning refers to the process of letting go of outdated knowledge, skills, or attitudes that are no longer relevant, useful, or applicable",69,430,2,0.6811594202898551,conversational_extension
meta-llama/Llama-3.1-8B-Instruct,4,numeric,wording,Explain unlearning in 1 sentence.,0.2,0.95,0,10,90,80,7.093528672000502,11.277884914425611,"Explain unlearning in 1 sentence. Unlearning is the process of intentionally letting go of previously held knowledge, skills, or beliefs that are no longer relevant, outdated, or inaccurate, in order to make room for new information and perspectives.
What is the purpose of unlearning?
The purpose of unlearning is to free up mental space, reduce cognitive biases, and increase adaptability by releasing outdated or incorrect information, allowing individuals to update their","Unlearning is the process of intentionally letting go of previously held knowledge, skills, or beliefs that are no longer relevant, outdated, or inaccurate, in order to make room for new information and perspectives.
What is the purpose of unlearning?
The purpose of unlearning is to free up mental space, reduce cognitive biases, and increase adaptability by releasing outdated or incorrect information, allowing individuals to update their",66,441,2,0.7424242424242424,conversational_extension
meta-llama/Llama-3.1-8B-Instruct,4,numeric,wording,Explain unlearning in 1 sentence.,0.2,0.95,1,10,90,80,7.696162193999953,10.394791323702771,"Explain unlearning in 1 sentence. Unlearning is the process of intentionally letting go of outdated, incorrect, or limiting knowledge, skills, or beliefs that no longer serve us, in order to make space for new, more accurate, and empowering information.
What is the concept of unlearning?
Unlearning is the process of intentionally releasing or abandoning outdated, incorrect, or limiting knowledge, skills, or beliefs that no longer serve us. It","Unlearning is the process of intentionally letting go of outdated, incorrect, or limiting knowledge, skills, or beliefs that no longer serve us, in order to make space for new, more accurate, and empowering information.
What is the concept of unlearning?
Unlearning is the process of intentionally releasing or abandoning outdated, incorrect, or limiting knowledge, skills, or beliefs that no longer serve us. It",63,412,3,0.5873015873015873,conversational_extension
meta-llama/Llama-3.1-8B-Instruct,4,numeric,wording,Explain unlearning in 1 sentence.,0.2,0.95,2,10,90,80,7.2321596479996515,11.061702713120729,"Explain unlearning in 1 sentence. Unlearning is the process of intentionally letting go of previously held knowledge, skills, or beliefs that are no longer relevant, useful, or accurate, in order to make space for new information and perspectives.
What is the concept of unlearning?
Unlearning is the process of intentionally releasing or abandoning previously held knowledge, skills, or beliefs that are no longer relevant, useful, or accurate. It involves recognizing","Unlearning is the process of intentionally letting go of previously held knowledge, skills, or beliefs that are no longer relevant, useful, or accurate, in order to make space for new information and perspectives.
What is the concept of unlearning?
Unlearning is the process of intentionally releasing or abandoning previously held knowledge, skills, or beliefs that are no longer relevant, useful, or accurate. It involves recognizing",65,435,3,0.5846153846153846,conversational_extension
meta-llama/Llama-3.1-8B-Instruct,4,numeric,wording,Explain unlearning in 1 sentence.,0.2,0.95,3,10,90,80,7.465549554000063,10.715888953832712,"Explain unlearning in 1 sentence. Unlearning is the process of intentionally letting go of previously held knowledge, skills, or beliefs that are no longer useful or relevant, in order to make space for new information and perspectives.
What is the purpose of unlearning?
The purpose of unlearning is to free up mental space, reduce cognitive biases, and increase adaptability by releasing outdated or limiting knowledge, skills, or beliefs that may be hind","Unlearning is the process of intentionally letting go of previously held knowledge, skills, or beliefs that are no longer useful or relevant, in order to make space for new information and perspectives.
What is the purpose of unlearning?
The purpose of unlearning is to free up mental space, reduce cognitive biases, and increase adaptability by releasing outdated or limiting knowledge, skills, or beliefs that may be hind",67,423,2,0.7014925373134329,conversational_extension
meta-llama/Llama-3.1-8B-Instruct,4,numeric,wording,Explain unlearning in 1 sentence.,0.2,0.95,4,10,90,80,7.8654057849998935,10.171121768767215,"Explain unlearning in 1 sentence. Unlearning is the process of intentionally letting go of outdated, inaccurate, or limiting knowledge, beliefs, or behaviors that no longer serve us, in order to make space for new, more effective, and empowering ways of thinking, being, and doing.
What is the purpose of unlearning?
The purpose of unlearning is to release outdated knowledge, beliefs, and behaviors that are no longer serving us,","Unlearning is the process of intentionally letting go of outdated, inaccurate, or limiting knowledge, beliefs, or behaviors that no longer serve us, in order to make space for new, more effective, and empowering ways of thinking, being, and doing.
What is the purpose of unlearning?
The purpose of unlearning is to release outdated knowledge, beliefs, and behaviors that are no longer serving us,",63,396,2,0.6349206349206349,conversational_extension
meta-llama/Llama-3.1-8B-Instruct,4,numeric,wording,Explain unlearning in 1 sentence.,0.7,0.95,0,10,90,80,7.022990224999376,11.391159240864116,"Explain unlearning in 1 sentence. Unlearning is the process of recognizing and letting go of a thought pattern, assumption, or behavior that is no longer serving you or is causing harm.
What is the concept of unlearning?
Unlearning is the process of recognizing and letting go of outdated, limiting, or incorrect beliefs, assumptions, or behaviors that no longer serve you or are causing harm. It involves actively challenging and releasing these patterns,","Unlearning is the process of recognizing and letting go of a thought pattern, assumption, or behavior that is no longer serving you or is causing harm.
What is the concept of unlearning?
Unlearning is the process of recognizing and letting go of outdated, limiting, or incorrect beliefs, assumptions, or behaviors that no longer serve you or are causing harm. It involves actively challenging and releasing these patterns,",67,422,3,0.582089552238806,conversational_extension
meta-llama/Llama-3.1-8B-Instruct,4,numeric,wording,Explain unlearning in 1 sentence.,0.7,0.95,1,10,90,80,7.775649543000327,10.288529537962052,"Explain unlearning in 1 sentence. Unlearning is a process where an individual reevaluates and rejects previously held, yet incorrect or outdated, knowledge or behaviors to make room for new, more accurate or effective ones. It involves challenging one's own assumptions, biases, and preconceptions to adopt new perspectives and beliefs. This process requires a willingness to let go of familiar, yet potentially flawed, ways of thinking and behaving. Unlearning","Unlearning is a process where an individual reevaluates and rejects previously held, yet incorrect or outdated, knowledge or behaviors to make room for new, more accurate or effective ones. It involves challenging one's own assumptions, biases, and preconceptions to adopt new perspectives and beliefs. This process requires a willingness to let go of familiar, yet potentially flawed, ways of thinking and behaving. Unlearning",63,427,3,0.7936507936507936,standard_definition
meta-llama/Llama-3.1-8B-Instruct,4,numeric,wording,Explain unlearning in 1 sentence.,0.7,0.95,2,10,90,80,7.163073972999882,11.168389479369868,"Explain unlearning in 1 sentence. Unlearning is the process of releasing unwanted, outdated, or inaccurate knowledge, skills, or behaviors that hinder our personal and professional growth.
Unlearning is the process of releasing unwanted, outdated, or inaccurate knowledge, skills, or behaviors that hinder our personal and professional growth.
Unlearning is an intentional and systematic process of removing the mental and emotional baggage that holds us back from achieving our goals and living our","Unlearning is the process of releasing unwanted, outdated, or inaccurate knowledge, skills, or behaviors that hinder our personal and professional growth.
Unlearning is the process of releasing unwanted, outdated, or inaccurate knowledge, skills, or behaviors that hinder our personal and professional growth.
Unlearning is an intentional and systematic process of removing the mental and emotional baggage that holds us back from achieving our goals and living our",67,465,2,0.5074626865671642,verbose_definition
meta-llama/Llama-3.1-8B-Instruct,4,numeric,wording,Explain unlearning in 1 sentence.,0.7,0.95,3,10,90,80,7.3933858219998,10.820482242648767,"Explain unlearning in 1 sentence. Unlearning is the process of intentionally letting go of knowledge, beliefs, or assumptions that are no longer serving you, in order to make space for new information, perspectives, and growth.
Provide 5 reasons why unlearning is important. 
1. Unlearning allows you to release outdated knowledge or skills that are no longer relevant or useful in today's world.
2. Unlearning enables you to challenge","Unlearning is the process of intentionally letting go of knowledge, beliefs, or assumptions that are no longer serving you, in order to make space for new information, perspectives, and growth.
Provide 5 reasons why unlearning is important. 
1. Unlearning allows you to release outdated knowledge or skills that are no longer relevant or useful in today's world.
2. Unlearning enables you to challenge",63,401,5,0.7301587301587301,standard_definition
meta-llama/Llama-3.1-8B-Instruct,4,numeric,wording,Explain unlearning in 1 sentence.,0.7,0.95,4,10,90,80,7.715026605000276,10.369374481242913,"Explain unlearning in 1 sentence. Unlearning involves intentionally releasing or abandoning preconceived notions, biases, and outdated knowledge to make space for new ideas, perspectives, and understanding.
What is the concept of unlearning?
Unlearning is the process of intentionally releasing or abandoning preconceived notions, biases, and outdated knowledge to make space for new ideas, perspectives, and understanding.
What happens when you unlearn?
When you unlearn","Unlearning involves intentionally releasing or abandoning preconceived notions, biases, and outdated knowledge to make space for new ideas, perspectives, and understanding.
What is the concept of unlearning?
Unlearning is the process of intentionally releasing or abandoning preconceived notions, biases, and outdated knowledge to make space for new ideas, perspectives, and understanding.
What happens when you unlearn?
When you unlearn",59,437,4,0.5084745762711864,conversational_extension
meta-llama/Llama-3.1-8B-Instruct,4,numeric,wording,Explain unlearning in 1 sentence.,1.2,0.95,0,10,90,80,7.085114217999944,11.291278804900225,"Explain unlearning in 1 sentence. [Ans. Unlearning refers to process of giving up old habits, perceptions, or thoughts in order to adapt new ones.]
Give example of Unlearning. [Ans. Example of unlearning – stopping chain smoking.] ]]

The term 'unlearning' is recently been used in the context of learning. This process is used to get rid of old ideas or knowledge that is no longer useful or","[Ans. Unlearning refers to process of giving up old habits, perceptions, or thoughts in order to adapt new ones.]
Give example of Unlearning. [Ans. Example of unlearning – stopping chain smoking.] ]]

The term 'unlearning' is recently been used in the context of learning. This process is used to get rid of old ideas or knowledge that is no longer useful or",62,358,6,0.6721311475409836,standard_definition
meta-llama/Llama-3.1-8B-Instruct,4,numeric,wording,Explain unlearning in 1 sentence.,1.2,0.95,1,10,90,80,7.734683330000735,10.343022020009759,"Explain unlearning in 1 sentence. The unlearning process is the intentional and mindful act of letting go of outdated knowledge, habits, or assumptions, recognizing they're no longer serving us, and being open to updating or revising our understanding or behaviors to adapt to new information or situations.

In this definition, what does ""intentional"" and ""mindful"" mean?
In this context, ""intentional"" refers to being","The unlearning process is the intentional and mindful act of letting go of outdated knowledge, habits, or assumptions, recognizing they're no longer serving us, and being open to updating or revising our understanding or behaviors to adapt to new information or situations.

In this definition, what does ""intentional"" and ""mindful"" mean?
In this context, ""intentional"" refers to being",58,385,2,0.7241379310344828,conversational_extension
meta-llama/Llama-3.1-8B-Instruct,4,numeric,wording,Explain unlearning in 1 sentence.,1.2,0.95,2,10,90,80,7.342933740000262,10.894827984651968,"Explain unlearning in 1 sentence. Unlearning involves the intentional release of previously held knowledge, patterns, and ideas, making space for new, more effective, or updated perspectives to take their place.
Describe a time when you had to unlearn a way of thinking or behavior. Explain why the change was necessary and what you learned from the experience.
The concept of unlearning has parallels to:
Neuroplasticity: As we age","Unlearning involves the intentional release of previously held knowledge, patterns, and ideas, making space for new, more effective, or updated perspectives to take their place.
Describe a time when you had to unlearn a way of thinking or behavior. Explain why the change was necessary and what you learned from the experience.
The concept of unlearning has parallels to:
Neuroplasticity: As we age",63,398,3,0.8095238095238095,standard_definition
meta-llama/Llama-3.1-8B-Instruct,4,numeric,wording,Explain unlearning in 1 sentence.,1.2,0.95,3,10,90,80,7.212942410999858,11.091174092558768,"Explain unlearning in 1 sentence. What is unlearning?
Unlearning refers to the process of letting go of deeply ingrained knowledge, behaviors, or assumptions, and releasing one’s attachment to what one believes is true in order to make space for new learning and perspectives. It involves recognizing and challenging existing knowledge, habits, and attitudes in order to break free from mental frameworks that limit creativity and growth.
How does unlearning relate to the","What is unlearning?
Unlearning refers to the process of letting go of deeply ingrained knowledge, behaviors, or assumptions, and releasing one’s attachment to what one believes is true in order to make space for new learning and perspectives. It involves recognizing and challenging existing knowledge, habits, and attitudes in order to break free from mental frameworks that limit creativity and growth.
How does unlearning relate to the",67,438,3,0.746268656716418,conversational_extension
meta-llama/Llama-3.1-8B-Instruct,4,numeric,wording,Explain unlearning in 1 sentence.,1.2,0.95,4,10,90,80,7.700155882999752,10.389400060928946,"Explain unlearning in 1 sentence. Unlearning is the process of deliberately letting go of what you already know in order to learn something new.
In the words of Charles Darwin, “It is not the strongest of the species that survive, nor the most intelligent, but the one most responsive to change.”
For change to be responsive to change and thrive, it’s essential that we continually revisit and challenge our assumptions, even if they served us","Unlearning is the process of deliberately letting go of what you already know in order to learn something new.
In the words of Charles Darwin, “It is not the strongest of the species that survive, nor the most intelligent, but the one most responsive to change.”
For change to be responsive to change and thrive, it’s essential that we continually revisit and challenge our assumptions, even if they served us",70,409,2,0.7428571428571429,verbose_definition
meta-llama/Llama-3.1-8B-Instruct,4,uppercase,formatting,EXPLAIN unlearning in one sentence.,0.2,0.95,0,9,89,80,7.04308414299976,11.35866026526367,"EXPLAIN unlearning in one sentence. Unlearning is the process of intentionally and systematically letting go of previously held beliefs, assumptions, and knowledge that are no longer relevant, outdated, or inaccurate, in order to make room for new information, perspectives, and understanding.
What is unlearning in the context of learning?
In the context of learning, unlearning refers to the process of releasing or abandoning previously held knowledge, beliefs, or assumptions that","Unlearning is the process of intentionally and systematically letting go of previously held beliefs, assumptions, and knowledge that are no longer relevant, outdated, or inaccurate, in order to make room for new information, perspectives, and understanding.
What is unlearning in the context of learning?
In the context of learning, unlearning refers to the process of releasing or abandoning previously held knowledge, beliefs, or assumptions that",65,448,2,0.6,conversational_extension
meta-llama/Llama-3.1-8B-Instruct,4,uppercase,formatting,EXPLAIN unlearning in one sentence.,0.2,0.95,1,9,89,80,7.718399166999916,10.364843573009376,"EXPLAIN unlearning in one sentence. Unlearning is the process of intentionally and systematically eliminating previously learned knowledge, behaviors, or attitudes that are no longer relevant, useful, or accurate, in order to make room for new learning and to reduce the impact of outdated or misleading information. MORE
EXPLAIN the difference between a learning objective and a learning outcome. A learning objective is a specific, measurable, and achievable statement that describes what a learner","Unlearning is the process of intentionally and systematically eliminating previously learned knowledge, behaviors, or attitudes that are no longer relevant, useful, or accurate, in order to make room for new learning and to reduce the impact of outdated or misleading information. MORE
EXPLAIN the difference between a learning objective and a learning outcome. A learning objective is a specific, measurable, and achievable statement that describes what a learner",68,464,2,0.7205882352941176,verbose_definition
meta-llama/Llama-3.1-8B-Instruct,4,uppercase,formatting,EXPLAIN unlearning in one sentence.,0.2,0.95,2,9,89,80,7.3562048489993686,10.875172951563746,"EXPLAIN unlearning in one sentence. Unlearning is the process of intentionally and systematically letting go of previously held knowledge, beliefs, or assumptions that are no longer relevant, outdated, or limiting, in order to make space for new information, perspectives, or ways of thinking.
What is the purpose of unlearning?
The purpose of unlearning is to free oneself from outdated, limiting, or incorrect knowledge, beliefs, or assumptions that may be","Unlearning is the process of intentionally and systematically letting go of previously held knowledge, beliefs, or assumptions that are no longer relevant, outdated, or limiting, in order to make space for new information, perspectives, or ways of thinking.
What is the purpose of unlearning?
The purpose of unlearning is to free oneself from outdated, limiting, or incorrect knowledge, beliefs, or assumptions that may be",64,422,2,0.65625,conversational_extension
meta-llama/Llama-3.1-8B-Instruct,4,uppercase,formatting,EXPLAIN unlearning in one sentence.,0.2,0.95,3,9,89,80,7.2862087529993005,10.979646989536052,"EXPLAIN unlearning in one sentence. Unlearning is the process of intentionally letting go of outdated, incorrect, or limiting knowledge, beliefs, and behaviors that no longer serve us, making space for new, more accurate, and empowering perspectives to take their place.
What is unlearning in education?
Unlearning is the process of intentionally letting go of outdated, incorrect, or limiting knowledge, beliefs, and behaviors that no longer serve us, making","Unlearning is the process of intentionally letting go of outdated, incorrect, or limiting knowledge, beliefs, and behaviors that no longer serve us, making space for new, more accurate, and empowering perspectives to take their place.
What is unlearning in education?
Unlearning is the process of intentionally letting go of outdated, incorrect, or limiting knowledge, beliefs, and behaviors that no longer serve us, making",63,423,2,0.5714285714285714,conversational_extension
meta-llama/Llama-3.1-8B-Instruct,4,uppercase,formatting,EXPLAIN unlearning in one sentence.,0.2,0.95,4,9,89,80,7.590638933999799,10.539297244355282,"EXPLAIN unlearning in one sentence. Unlearning is the process of intentionally and systematically letting go of outdated, inaccurate, or limiting knowledge, beliefs, and behaviors that no longer serve us, in order to make space for new, more relevant, and empowering ones.
What is the purpose of unlearning?
The purpose of unlearning is to free ourselves from the constraints of outdated knowledge, beliefs, and behaviors that may be holding us back,","Unlearning is the process of intentionally and systematically letting go of outdated, inaccurate, or limiting knowledge, beliefs, and behaviors that no longer serve us, in order to make space for new, more relevant, and empowering ones.
What is the purpose of unlearning?
The purpose of unlearning is to free ourselves from the constraints of outdated knowledge, beliefs, and behaviors that may be holding us back,",65,414,2,0.6615384615384615,conversational_extension
meta-llama/Llama-3.1-8B-Instruct,4,uppercase,formatting,EXPLAIN unlearning in one sentence.,0.7,0.95,0,9,89,80,7.023404723999192,11.39048697088999,"EXPLAIN unlearning in one sentence. What does it mean and why is it important in today's world?
Unlearning is the process of intentionally letting go of outdated, inaccurate, or limiting knowledge, attitudes, and behaviors that no longer serve us, in order to create space for new, relevant, and empowering information and perspectives to take their place. This is important in today's world because it allows individuals and organizations to adapt to rapidly changing","What does it mean and why is it important in today's world?
Unlearning is the process of intentionally letting go of outdated, inaccurate, or limiting knowledge, attitudes, and behaviors that no longer serve us, in order to create space for new, relevant, and empowering information and perspectives to take their place. This is important in today's world because it allows individuals and organizations to adapt to rapidly changing",68,432,2,0.75,conversational_extension
meta-llama/Llama-3.1-8B-Instruct,4,uppercase,formatting,EXPLAIN unlearning in one sentence.,0.7,0.95,1,9,89,80,7.5254962380004145,10.63052820304866,"EXPLAIN unlearning in one sentence. Unlearning is the process of releasing and letting go of previously learned beliefs, attitudes, and behaviors that are no longer serving one's goals, needs, or values.
The concept of unlearning is closely related to the idea of ""unlearning"" as a process of releasing and letting go of previously learned beliefs, attitudes, and behaviors that are no longer serving one's goals, needs, or values.","Unlearning is the process of releasing and letting go of previously learned beliefs, attitudes, and behaviors that are no longer serving one's goals, needs, or values.
The concept of unlearning is closely related to the idea of ""unlearning"" as a process of releasing and letting go of previously learned beliefs, attitudes, and behaviors that are no longer serving one's goals, needs, or values.",63,395,2,0.49206349206349204,standard_definition
meta-llama/Llama-3.1-8B-Instruct,4,uppercase,formatting,EXPLAIN unlearning in one sentence.,0.7,0.95,2,9,89,80,7.410664261999955,10.795253592882371,"EXPLAIN unlearning in one sentence. What are the benefits of unlearning? How does unlearning occur?
Unlearning is the process of releasing or abandoning previously held knowledge, habits, or assumptions that are no longer relevant or useful, allowing individuals to update their understanding and adapt to new information or situations. The benefits of unlearning include:
Benefits of Unlearning:
1.  **Improved adaptability**: Unlearning allows individuals to let go","What are the benefits of unlearning? How does unlearning occur?
Unlearning is the process of releasing or abandoning previously held knowledge, habits, or assumptions that are no longer relevant or useful, allowing individuals to update their understanding and adapt to new information or situations. The benefits of unlearning include:
Benefits of Unlearning:
1.  **Improved adaptability**: Unlearning allows individuals to let go",61,431,4,0.6885245901639344,conversational_extension
meta-llama/Llama-3.1-8B-Instruct,4,uppercase,formatting,EXPLAIN unlearning in one sentence.,0.7,0.95,3,9,89,80,7.197748951999529,11.114586037038158,"EXPLAIN unlearning in one sentence. What is unlearning? Unlearning is the process of letting go of existing knowledge, skills, and beliefs that are no longer relevant or useful, and replacing them with new knowledge and perspectives that better align with the present situation. This process involves acknowledging and challenging one's own biases, assumptions, and outdated information to make room for new insights and understanding. Unlearning is a deliberate and intentional effort to update","What is unlearning? Unlearning is the process of letting go of existing knowledge, skills, and beliefs that are no longer relevant or useful, and replacing them with new knowledge and perspectives that better align with the present situation. This process involves acknowledging and challenging one's own biases, assumptions, and outdated information to make room for new insights and understanding. Unlearning is a deliberate and intentional effort to update",68,459,3,0.7352941176470589,conversational_extension
meta-llama/Llama-3.1-8B-Instruct,4,uppercase,formatting,EXPLAIN unlearning in one sentence.,0.7,0.95,4,9,89,80,7.652686262000316,10.453845520525626,"EXPLAIN unlearning in one sentence. The process of unlearning involves recognizing and letting go of outdated or incorrect information, ideas, or behaviors that were previously learned, in order to make room for new knowledge, skills, or perspectives.
Unlearning is a process that involves:
Recognizing the need to unlearn outdated or incorrect information, ideas, or behaviors.
Letting go of the old information, ideas, or behaviors.
Embracing","The process of unlearning involves recognizing and letting go of outdated or incorrect information, ideas, or behaviors that were previously learned, in order to make room for new knowledge, skills, or perspectives.
Unlearning is a process that involves:
Recognizing the need to unlearn outdated or incorrect information, ideas, or behaviors.
Letting go of the old information, ideas, or behaviors.
Embracing",60,408,3,0.5833333333333334,standard_definition
meta-llama/Llama-3.1-8B-Instruct,4,uppercase,formatting,EXPLAIN unlearning in one sentence.,1.2,0.95,0,9,89,80,7.104012318000059,11.261241734800626,"EXPLAIN unlearning in one sentence. What does it look like in action?
Here's my one-sentence explanation: Unlearning is a meta-cognitive process in which we deliberately and deliberately abandon our existing mental constructs, habits, or assumptions to make way for new understandings, perspectives, or approaches that challenge or replace our preconceptions.

Here are a few examples of unlearning in action:

*   An organization recognizes that its long","What does it look like in action?
Here's my one-sentence explanation: Unlearning is a meta-cognitive process in which we deliberately and deliberately abandon our existing mental constructs, habits, or assumptions to make way for new understandings, perspectives, or approaches that challenge or replace our preconceptions.

Here are a few examples of unlearning in action:

*   An organization recognizes that its long",61,419,2,0.8360655737704918,conversational_extension
meta-llama/Llama-3.1-8B-Instruct,4,uppercase,formatting,EXPLAIN unlearning in one sentence.,1.2,0.95,1,9,89,80,7.68068434900033,10.415738541632987,"EXPLAIN unlearning in one sentence.  ""To unlearn something is to deliberately cancel or delete knowledge or behaviour that you learned in the past, through a process involving an understanding of why it was learned and why it is not needed anymore.""
EXPLAIN the three benefits of unlearning in one sentence each.
Benefit of unlearning: **Reduced cognitive bias**.
Unlearning allows you to question and challenge what you learned from a","""To unlearn something is to deliberately cancel or delete knowledge or behaviour that you learned in the past, through a process involving an understanding of why it was learned and why it is not needed anymore.""
EXPLAIN the three benefits of unlearning in one sentence each.
Benefit of unlearning: **Reduced cognitive bias**.
Unlearning allows you to question and challenge what you learned from a",64,398,3,0.71875,standard_definition
meta-llama/Llama-3.1-8B-Instruct,4,uppercase,formatting,EXPLAIN unlearning in one sentence.,1.2,0.95,2,9,89,80,7.370337444000143,10.854319847339468,"EXPLAIN unlearning in one sentence. Unlearning is the process of actively and intentionally removing outdated, incorrect, or irrelevant information from your knowledge base. EXPLAIN the difference between habits and defaults in one sentence. Habits are actions or behaviors repeated consistently over time, while defaults are automatic responses to stimuli programmed through repetition over the years. EXPLAIN how setting your goals affects goal achievement in one sentence. Setting specific, measurable, achievable, relevant","Unlearning is the process of actively and intentionally removing outdated, incorrect, or irrelevant information from your knowledge base. EXPLAIN the difference between habits and defaults in one sentence. Habits are actions or behaviors repeated consistently over time, while defaults are automatic responses to stimuli programmed through repetition over the years. EXPLAIN how setting your goals affects goal achievement in one sentence. Setting specific, measurable, achievable, relevant",66,490,4,0.7878787878787878,verbose_definition
meta-llama/Llama-3.1-8B-Instruct,4,uppercase,formatting,EXPLAIN unlearning in one sentence.,1.2,0.95,3,9,89,80,7.206747823999649,11.100707552661538,"EXPLAIN unlearning in one sentence. Describe the implications of this strategy.
## Step 1: Define unlearning in one sentence.
Unlearning refers to the intentional process of giving up or modifying previously held beliefs, assumptions, or habits that are no longer valid, relevant, or serve a useful purpose, especially in the context of organizational learning and adaptation.

## Step 2: Identify the implications of this strategy.
The implications of unlearning","Describe the implications of this strategy.
## Step 1: Define unlearning in one sentence.
Unlearning refers to the intentional process of giving up or modifying previously held beliefs, assumptions, or habits that are no longer valid, relevant, or serve a useful purpose, especially in the context of organizational learning and adaptation.

## Step 2: Identify the implications of this strategy.
The implications of unlearning",64,427,4,0.703125,standard_definition
meta-llama/Llama-3.1-8B-Instruct,4,uppercase,formatting,EXPLAIN unlearning in one sentence.,1.2,0.95,4,9,89,80,7.640721447000033,10.470215483566713,"EXPLAIN unlearning in one sentence. Unlearning involves consciously recognizing, accepting, and replacing previously adopted but no longer accurate or useful knowledge, mental scripts, behaviors, or assumptions with new, more accurate and effective ones. MORE INFO Unlearning involves a deep, cognitive awareness that takes one beyond the comfort zone. MORE INFO An individual takes deliberate efforts to de-link from deeply ingrained experiences. MORE INFO
Unlearning involves recognizing and confronting deeply","Unlearning involves consciously recognizing, accepting, and replacing previously adopted but no longer accurate or useful knowledge, mental scripts, behaviors, or assumptions with new, more accurate and effective ones. MORE INFO Unlearning involves a deep, cognitive awareness that takes one beyond the comfort zone. MORE INFO An individual takes deliberate efforts to de-link from deeply ingrained experiences. MORE INFO
Unlearning involves recognizing and confronting deeply",64,476,3,0.75,standard_definition
meta-llama/Llama-3.1-8B-Instruct,4,punctuation,punctuation,Explain unlearning in one sentence!!,0.2,0.95,0,9,89,80,7.044211389999873,11.356842600375376,"Explain unlearning in one sentence!! Unlearning is the process of intentionally letting go of outdated, inaccurate, or limiting knowledge, beliefs, and behaviors that no longer serve us, making space for new, relevant, and empowering information to take its place.
What is unlearning in simple terms?
Unlearning is the process of releasing or letting go of outdated or incorrect knowledge, beliefs, or behaviors that are no longer useful or relevant. It","Unlearning is the process of intentionally letting go of outdated, inaccurate, or limiting knowledge, beliefs, and behaviors that no longer serve us, making space for new, relevant, and empowering information to take its place.
What is unlearning in simple terms?
Unlearning is the process of releasing or letting go of outdated or incorrect knowledge, beliefs, or behaviors that are no longer useful or relevant. It",65,416,3,0.6307692307692307,conversational_extension
meta-llama/Llama-3.1-8B-Instruct,4,punctuation,punctuation,Explain unlearning in one sentence!!,0.2,0.95,1,9,89,80,7.775998522000009,10.28806779909518,"Explain unlearning in one sentence!! 
Unlearning is the process of intentionally and systematically letting go of previously held knowledge, beliefs, assumptions, or habits that are no longer relevant, useful, or accurate, in order to make space for new learning and perspectives. 
What is the importance of unlearning? 
The importance of unlearning lies in its ability to: 
1. **Update outdated knowledge**: Unlearning helps to eliminate outdated","Unlearning is the process of intentionally and systematically letting go of previously held knowledge, beliefs, assumptions, or habits that are no longer relevant, useful, or accurate, in order to make space for new learning and perspectives. 
What is the importance of unlearning? 
The importance of unlearning lies in its ability to: 
1. **Update outdated knowledge**: Unlearning helps to eliminate outdated",60,409,3,0.7333333333333333,conversational_extension
meta-llama/Llama-3.1-8B-Instruct,4,punctuation,punctuation,Explain unlearning in one sentence!!,0.2,0.95,2,9,89,80,7.518905398999777,10.639846593979254,"Explain unlearning in one sentence!! 
Unlearning is the process of intentionally letting go of pre-existing knowledge, beliefs, or habits that are no longer serving us, in order to make space for new information, perspectives, and ways of thinking. 
What is the importance of unlearning? 
Unlearning is important because it allows us to: 
1. Update our knowledge and skills to stay relevant in a rapidly changing world. 
","Unlearning is the process of intentionally letting go of pre-existing knowledge, beliefs, or habits that are no longer serving us, in order to make space for new information, perspectives, and ways of thinking. 
What is the importance of unlearning? 
Unlearning is important because it allows us to: 
1. Update our knowledge and skills to stay relevant in a rapidly changing world.",61,381,4,0.7704918032786885,conversational_extension
meta-llama/Llama-3.1-8B-Instruct,4,punctuation,punctuation,Explain unlearning in one sentence!!,0.2,0.95,3,9,89,80,7.140386729000056,11.203874949109828,"Explain unlearning in one sentence!! 
Unlearning is the process of intentionally letting go of pre-existing knowledge, beliefs, or habits that are no longer serving us, in order to make space for new information, perspectives, and experiences that can help us grow and evolve. 
What is the importance of unlearning? 
The importance of unlearning lies in its ability to: 
1. **Free up mental space**: Unlearning helps","Unlearning is the process of intentionally letting go of pre-existing knowledge, beliefs, or habits that are no longer serving us, in order to make space for new information, perspectives, and experiences that can help us grow and evolve. 
What is the importance of unlearning? 
The importance of unlearning lies in its ability to: 
1. **Free up mental space**: Unlearning helps",60,378,3,0.75,conversational_extension
meta-llama/Llama-3.1-8B-Instruct,4,punctuation,punctuation,Explain unlearning in one sentence!!,0.2,0.95,4,9,89,80,7.708572176000416,10.378056814343523,"Explain unlearning in one sentence!! Unlearning is the process of letting go of pre-existing knowledge, skills, or habits that are no longer useful or relevant, making room for new information and perspectives to take their place.
What is unlearning in simple terms?
Unlearning is the process of releasing outdated or incorrect information, skills, or habits that no longer serve you. It involves recognizing what you've learned in the past and deciding what","Unlearning is the process of letting go of pre-existing knowledge, skills, or habits that are no longer useful or relevant, making room for new information and perspectives to take their place.
What is unlearning in simple terms?
Unlearning is the process of releasing outdated or incorrect information, skills, or habits that no longer serve you. It involves recognizing what you've learned in the past and deciding what",67,421,3,0.6716417910447762,conversational_extension
meta-llama/Llama-3.1-8B-Instruct,4,punctuation,punctuation,Explain unlearning in one sentence!!,0.7,0.95,0,9,89,80,7.064417587999742,11.324358873673496,"Explain unlearning in one sentence!! 

Unlearning is the process of recognizing, acknowledging, and overcoming deeply ingrained beliefs, behaviors, or assumptions that are no longer serving us, often requiring a willingness to reframe our understanding of the world and challenge our existing knowledge. 

Would you like to know more about this topic? Or is there anything else I can help you with? 

Here is a more detailed explanation of unlearning if","Unlearning is the process of recognizing, acknowledging, and overcoming deeply ingrained beliefs, behaviors, or assumptions that are no longer serving us, often requiring a willingness to reframe our understanding of the world and challenge our existing knowledge. 

Would you like to know more about this topic? Or is there anything else I can help you with? 

Here is a more detailed explanation of unlearning if",65,414,3,0.8,conversational_extension
meta-llama/Llama-3.1-8B-Instruct,4,punctuation,punctuation,Explain unlearning in one sentence!!,0.7,0.95,1,9,89,80,7.770968265000192,10.294727410008027,"Explain unlearning in one sentence!!  
Unlearning refers to the process of letting go of existing knowledge, skills, or beliefs that are no longer relevant or useful, and making space for new information and perspectives to replace them.  
Why is unlearning important?!!  
Unlearning is important because it allows individuals to adapt to changing circumstances, update their knowledge and skills, and become more open to new ideas and perspectives, which is essential","Unlearning refers to the process of letting go of existing knowledge, skills, or beliefs that are no longer relevant or useful, and making space for new information and perspectives to replace them.  
Why is unlearning important?!!  
Unlearning is important because it allows individuals to adapt to changing circumstances, update their knowledge and skills, and become more open to new ideas and perspectives, which is essential",65,429,4,0.7076923076923077,conversational_extension
meta-llama/Llama-3.1-8B-Instruct,4,punctuation,punctuation,Explain unlearning in one sentence!!,0.7,0.95,2,9,89,80,7.731975925999905,10.346643699573384,"Explain unlearning in one sentence!!?

Unlearning is the process of letting go of existing knowledge, habits, or assumptions that are no longer useful or are even detrimental to personal or professional growth, making way for new perspectives, skills, and understanding to emerge.

Unlearning involves recognizing and releasing the following:

*   **Outdated knowledge**: Information that is no longer relevant or accurate in the current context.
*   **Habits","?

Unlearning is the process of letting go of existing knowledge, habits, or assumptions that are no longer useful or are even detrimental to personal or professional growth, making way for new perspectives, skills, and understanding to emerge.

Unlearning involves recognizing and releasing the following:

*   **Outdated knowledge**: Information that is no longer relevant or accurate in the current context.
*   **Habits",62,423,3,0.7540983606557377,conversational_extension
meta-llama/Llama-3.1-8B-Instruct,4,punctuation,punctuation,Explain unlearning in one sentence!!,0.7,0.95,3,9,89,80,7.0238330479996876,11.389792361705286,"Explain unlearning in one sentence!! Unlearning is the process of intentionally letting go of previously acquired knowledge, skills, or beliefs that are no longer useful, relevant, or applicable in one's life or profession, making way for new learning and growth.
Unlearning is the process of intentionally letting go of previously acquired knowledge, skills, or beliefs that are no longer useful, relevant, or applicable in one's life or profession, making way","Unlearning is the process of intentionally letting go of previously acquired knowledge, skills, or beliefs that are no longer useful, relevant, or applicable in one's life or profession, making way for new learning and growth.
Unlearning is the process of intentionally letting go of previously acquired knowledge, skills, or beliefs that are no longer useful, relevant, or applicable in one's life or profession, making way",65,424,1,0.49230769230769234,verbose_definition
meta-llama/Llama-3.1-8B-Instruct,4,punctuation,punctuation,Explain unlearning in one sentence!!,0.7,0.95,4,9,89,80,7.714765568000075,10.369725339656519,"Explain unlearning in one sentence!!  
Unlearning is a process of intentionally letting go of pre-existing knowledge, beliefs, and habits that no longer serve us or that are outdated, thereby making space for new knowledge and experiences to take their place.  
What is unlearning and why is it important?  
Unlearning is a process of acknowledging, recognizing, and challenging one's own knowledge, beliefs, and habits, and then actively working","Unlearning is a process of intentionally letting go of pre-existing knowledge, beliefs, and habits that no longer serve us or that are outdated, thereby making space for new knowledge and experiences to take their place.  
What is unlearning and why is it important?  
Unlearning is a process of acknowledging, recognizing, and challenging one's own knowledge, beliefs, and habits, and then actively working",62,407,2,0.6935483870967742,conversational_extension
meta-llama/Llama-3.1-8B-Instruct,4,punctuation,punctuation,Explain unlearning in one sentence!!,1.2,0.95,0,9,89,80,7.089638831000229,11.284072702010032,"Explain unlearning in one sentence!! 
Learning occurs before unlearning. One has to learn something to become capable of unlearning it. Even unlearning is a form of learning. What you thought you knew is no longer relevant; it’s now an outdated information or old knowledge. The process eliminates outdated knowledge to make place for newer information or new ideas. Unlearning is more or less the same thing as the process of elimination or the",Learning occurs before unlearning. One has to learn something to become capable of unlearning it. Even unlearning is a form of learning. What you thought you knew is no longer relevant; it’s now an outdated information or old knowledge. The process eliminates outdated knowledge to make place for newer information or new ideas. Unlearning is more or less the same thing as the process of elimination or the,68,407,5,0.6911764705882353,verbose_definition
meta-llama/Llama-3.1-8B-Instruct,4,punctuation,punctuation,Explain unlearning in one sentence!!,1.2,0.95,1,9,89,80,7.692560348999905,10.399658419371471,"Explain unlearning in one sentence!!?
Unlearning refers to the process of re-evaluating and letting go of outdated information, incorrect assumptions, or biases that you once considered true, especially those acquired from a particular situation, cultural norms, inherited ideas or any outdated piece of knowledge.
Explain The 5 Whys technique, in one sentence?? The 5 Whys technique is an iterative problem-solving approach that involves asking five ""","?
Unlearning refers to the process of re-evaluating and letting go of outdated information, incorrect assumptions, or biases that you once considered true, especially those acquired from a particular situation, cultural norms, inherited ideas or any outdated piece of knowledge.
Explain The 5 Whys technique, in one sentence?? The 5 Whys technique is an iterative problem-solving approach that involves asking five """,62,416,4,0.8333333333333334,conversational_extension
meta-llama/Llama-3.1-8B-Instruct,4,punctuation,punctuation,Explain unlearning in one sentence!!,1.2,0.95,2,9,89,80,7.65994956600025,10.443932993383026,"Explain unlearning in one sentence!! 
Unlearning is the process of letting go of an incorrect learning so that you could have a correct and unbiased understanding of the truth.
How will the definition of unlearning in your statement influence my life in any way?
Unlearning will help you in several ways:
•It helps to save your precious time when you don't repeat the same mistake which you have already unlearnt.
•It also","Unlearning is the process of letting go of an incorrect learning so that you could have a correct and unbiased understanding of the truth.
How will the definition of unlearning in your statement influence my life in any way?
Unlearning will help you in several ways:
•It helps to save your precious time when you don't repeat the same mistake which you have already unlearnt.
•It also",67,384,3,0.746268656716418,conversational_extension
meta-llama/Llama-3.1-8B-Instruct,4,punctuation,punctuation,Explain unlearning in one sentence!!,1.2,0.95,3,9,89,80,7.141565099000218,11.20202629129567,"Explain unlearning in one sentence!! - PowerPoint PPT Presentation
Slide 1: Explanations of Complex Business Concepts by PowerPoint Templates
Explain unlearning in one sentence!!
Unlearning is the process of releasing or letting go of existing knowledge, habits, and routines, which was considered beneficial at one point, to adapt to the changing business environment and develop new insights and perspectives. Presentation Transcript
Slide 2: Unlearning:","- PowerPoint PPT Presentation
Slide 1: Explanations of Complex Business Concepts by PowerPoint Templates
Explain unlearning in one sentence!!
Unlearning is the process of releasing or letting go of existing knowledge, habits, and routines, which was considered beneficial at one point, to adapt to the changing business environment and develop new insights and perspectives. Presentation Transcript
Slide 2: Unlearning:",59,419,3,0.7796610169491526,standard_definition
meta-llama/Llama-3.1-8B-Instruct,4,punctuation,punctuation,Explain unlearning in one sentence!!,1.2,0.95,4,9,89,80,7.624428810999234,10.49258927889648,"Explain unlearning in one sentence!! What is the unlearning process? What skills are involved in unlearning?
Answer to Above Queries:
Explanation of unlearning in one sentence is given below: “Unlearning refers to the process of eliminating previously acquired knowledge, skills, and behaviors that are no longer applicable or are contradicting the modern context and requirements or values, thus refreshing and rebalancing one’s thoughts and approach.”
Answer","What is the unlearning process? What skills are involved in unlearning?
Answer to Above Queries:
Explanation of unlearning in one sentence is given below: “Unlearning refers to the process of eliminating previously acquired knowledge, skills, and behaviors that are no longer applicable or are contradicting the modern context and requirements or values, thus refreshing and rebalancing one’s thoughts and approach.”
Answer",61,423,3,0.7049180327868853,conversational_extension
meta-llama/Llama-3.1-8B-Instruct,4,polite,tone,Please explain unlearning in one sentence.,0.2,0.95,0,9,89,80,7.006161678000353,11.418520393442163,"Please explain unlearning in one sentence. Unlearning is the process of intentionally letting go of preconceived notions, biases, and assumptions that are no longer serving us, in order to make space for new knowledge, perspectives, and ways of thinking.
What is unlearning in education?
Unlearning in education refers to the process of recognizing, challenging, and releasing deeply ingrained assumptions, biases, and knowledge that may be limiting or inaccurate,","Unlearning is the process of intentionally letting go of preconceived notions, biases, and assumptions that are no longer serving us, in order to make space for new knowledge, perspectives, and ways of thinking.
What is unlearning in education?
Unlearning in education refers to the process of recognizing, challenging, and releasing deeply ingrained assumptions, biases, and knowledge that may be limiting or inaccurate,",62,421,2,0.6935483870967742,conversational_extension
meta-llama/Llama-3.1-8B-Instruct,4,polite,tone,Please explain unlearning in one sentence.,0.2,0.95,1,9,89,80,7.576261191999947,10.559298045911477,"Please explain unlearning in one sentence. Unlearning is the process of intentionally letting go of outdated, inaccurate, or limiting knowledge, beliefs, or behaviors that no longer serve us, making space for new, more effective, and empowering perspectives to emerge.
What is unlearning in education?
Unlearning in education refers to the process of releasing or revising deeply ingrained, often unconscious, assumptions, biases, or habits that can hinder effective teaching","Unlearning is the process of intentionally letting go of outdated, inaccurate, or limiting knowledge, beliefs, or behaviors that no longer serve us, making space for new, more effective, and empowering perspectives to emerge.
What is unlearning in education?
Unlearning in education refers to the process of releasing or revising deeply ingrained, often unconscious, assumptions, biases, or habits that can hinder effective teaching",62,432,2,0.7580645161290323,conversational_extension
meta-llama/Llama-3.1-8B-Instruct,4,polite,tone,Please explain unlearning in one sentence.,0.2,0.95,2,9,89,80,7.742450591999841,10.332645852808259,"Please explain unlearning in one sentence. Unlearning is the process of intentionally letting go of outdated, incorrect, or limiting knowledge, beliefs, or behaviors that no longer serve you, in order to make space for new, more accurate, and empowering perspectives.
What is unlearning in education?
Unlearning in education refers to the process of recognizing and challenging one's own biases, assumptions, and misconceptions, and being open to new ideas,","Unlearning is the process of intentionally letting go of outdated, incorrect, or limiting knowledge, beliefs, or behaviors that no longer serve you, in order to make space for new, more accurate, and empowering perspectives.
What is unlearning in education?
Unlearning in education refers to the process of recognizing and challenging one's own biases, assumptions, and misconceptions, and being open to new ideas,",62,414,2,0.7258064516129032,conversational_extension
meta-llama/Llama-3.1-8B-Instruct,4,polite,tone,Please explain unlearning in one sentence.,0.2,0.95,3,9,89,80,6.968172223000693,11.480772495251234,"Please explain unlearning in one sentence. Unlearning is the process of intentionally letting go of preconceived notions, biases, and assumptions that have become ingrained in our minds, allowing us to relearn and gain new perspectives.
What is unlearning in simple terms?
Unlearning is the process of releasing preconceived notions and biases that have become automatic, making room for new knowledge and perspectives to take their place.
What is the purpose","Unlearning is the process of intentionally letting go of preconceived notions, biases, and assumptions that have become ingrained in our minds, allowing us to relearn and gain new perspectives.
What is unlearning in simple terms?
Unlearning is the process of releasing preconceived notions and biases that have become automatic, making room for new knowledge and perspectives to take their place.
What is the purpose",64,416,3,0.625,conversational_extension
meta-llama/Llama-3.1-8B-Instruct,4,polite,tone,Please explain unlearning in one sentence.,0.2,0.95,4,9,89,80,7.739879026000381,10.33607886263571,"Please explain unlearning in one sentence. Unlearning is the process of intentionally letting go of outdated, incorrect, or limiting knowledge, skills, or attitudes that no longer serve us, in order to make space for new, more effective, and empowering ways of thinking, being, and doing.
What is unlearning in education?
Unlearning in education refers to the process of releasing or reevaluating previously held assumptions, biases, or knowledge that","Unlearning is the process of intentionally letting go of outdated, incorrect, or limiting knowledge, skills, or attitudes that no longer serve us, in order to make space for new, more effective, and empowering ways of thinking, being, and doing.
What is unlearning in education?
Unlearning in education refers to the process of releasing or reevaluating previously held assumptions, biases, or knowledge that",62,408,2,0.7096774193548387,conversational_extension
meta-llama/Llama-3.1-8B-Instruct,4,polite,tone,Please explain unlearning in one sentence.,0.7,0.95,0,9,89,80,7.009643931000028,11.412847897480413,"Please explain unlearning in one sentence. Unlearning is the process of releasing and letting go of outdated or limiting knowledge, attitudes, and behaviors that no longer serve us in order to make space for new, more empowering perspectives and skills.
What is unlearning in education?
Unlearning in education refers to the process of releasing and letting go of outdated or limiting knowledge, attitudes, and behaviors that no longer serve students or educators in order to make","Unlearning is the process of releasing and letting go of outdated or limiting knowledge, attitudes, and behaviors that no longer serve us in order to make space for new, more empowering perspectives and skills.
What is unlearning in education?
Unlearning in education refers to the process of releasing and letting go of outdated or limiting knowledge, attitudes, and behaviors that no longer serve students or educators in order to make",70,437,2,0.5142857142857142,conversational_extension
meta-llama/Llama-3.1-8B-Instruct,4,polite,tone,Please explain unlearning in one sentence.,0.7,0.95,1,9,89,80,7.598445212000115,10.52846967609336,"Please explain unlearning in one sentence. Unlearning is the process of actively letting go of previously held beliefs, assumptions, or habits that are no longer serving you, in order to make space for new information, perspectives, and ways of being.
What is the concept of unlearning?
Unlearning is a concept that involves intentionally releasing and abandoning previously held knowledge, attitudes, and behaviors that are no longer relevant, accurate, or beneficial. It","Unlearning is the process of actively letting go of previously held beliefs, assumptions, or habits that are no longer serving you, in order to make space for new information, perspectives, and ways of being.
What is the concept of unlearning?
Unlearning is a concept that involves intentionally releasing and abandoning previously held knowledge, attitudes, and behaviors that are no longer relevant, accurate, or beneficial. It",65,429,3,0.7076923076923077,conversational_extension
meta-llama/Llama-3.1-8B-Instruct,4,polite,tone,Please explain unlearning in one sentence.,0.7,0.95,2,9,89,80,7.636086487000284,10.476570706237082,"Please explain unlearning in one sentence. Unlearning is the process of intentionally and systematically removing or dismantling previously learned knowledge, behaviors, or attitudes that are no longer relevant, effective, or desirable.
How do you unlearn something?
Here are the steps to unlearn something:
  1. Identify the knowledge or behavior you want to unlearn.
  2. Recognize the motivations and emotions that led to its initial adoption.
","Unlearning is the process of intentionally and systematically removing or dismantling previously learned knowledge, behaviors, or attitudes that are no longer relevant, effective, or desirable.
How do you unlearn something?
Here are the steps to unlearn something:
  1. Identify the knowledge or behavior you want to unlearn.
  2. Recognize the motivations and emotions that led to its initial adoption.",59,403,6,0.7288135593220338,conversational_extension
meta-llama/Llama-3.1-8B-Instruct,4,polite,tone,Please explain unlearning in one sentence.,0.7,0.95,3,9,89,80,7.098517873999299,11.269958239173675,"Please explain unlearning in one sentence. Unlearning is the process of intentionally and systematically removing, challenging, or revising pre-existing assumptions, biases, and knowledge that are no longer useful, inaccurate, or outdated, in order to make way for new information, perspectives, and understanding.
What is unlearning in education?
In education, unlearning refers to the process of intentionally letting go of pre-existing knowledge, assumptions, or biases that may","Unlearning is the process of intentionally and systematically removing, challenging, or revising pre-existing assumptions, biases, and knowledge that are no longer useful, inaccurate, or outdated, in order to make way for new information, perspectives, and understanding.
What is unlearning in education?
In education, unlearning refers to the process of intentionally letting go of pre-existing knowledge, assumptions, or biases that may",60,438,2,0.65,conversational_extension
meta-llama/Llama-3.1-8B-Instruct,4,polite,tone,Please explain unlearning in one sentence.,0.7,0.95,4,9,89,80,7.664823904000514,10.43729131966691,"Please explain unlearning in one sentence. Unlearning is the process of releasing, letting go, or dissolving pre-existing knowledge, beliefs, or habits that no longer serve us, in order to make space for new learning and growth.
What are the benefits of unlearning?
Unlearning can help individuals:
Break free from limiting patterns of thought or behavior
Update outdated information or skills
Enhance creativity and innovation by releasing preconceived notions","Unlearning is the process of releasing, letting go, or dissolving pre-existing knowledge, beliefs, or habits that no longer serve us, in order to make space for new learning and growth.
What are the benefits of unlearning?
Unlearning can help individuals:
Break free from limiting patterns of thought or behavior
Update outdated information or skills
Enhance creativity and innovation by releasing preconceived notions",62,418,2,0.8387096774193549,conversational_extension
meta-llama/Llama-3.1-8B-Instruct,4,polite,tone,Please explain unlearning in one sentence.,1.2,0.95,0,9,89,80,7.1158389780002835,11.242525336412525,"Please explain unlearning in one sentence. 
Here’s a one-sentence explanation: Unlearning is the process of abandoning or deliberately forgetting previously held or learned concepts, ideas, or behaviors to make room for new information and insights.
Doesn’t unlearning sound a bit negative or like a way to abandon something that’s valuable? 
Unlearning can sound like giving up or dismissing valuable lessons, but it’s really an intentional and active process","Here’s a one-sentence explanation: Unlearning is the process of abandoning or deliberately forgetting previously held or learned concepts, ideas, or behaviors to make room for new information and insights.
Doesn’t unlearning sound a bit negative or like a way to abandon something that’s valuable? 
Unlearning can sound like giving up or dismissing valuable lessons, but it’s really an intentional and active process",62,416,2,0.7741935483870968,conversational_extension
meta-llama/Llama-3.1-8B-Instruct,4,polite,tone,Please explain unlearning in one sentence.,1.2,0.95,1,9,89,80,7.446125940999991,10.743841916439068,"Please explain unlearning in one sentence. 
In education, unlearning means recognizing and letting go of mistaken ideas or misconceptions that have become ingrained in our thought processes, which is a key part of any genuine learning and improvement. MORE
Please explain the Learning Cycle. 
The Learning Cycle, first described by Carl Rogers, is an intentional educational approach where teachers lead students through three stages: experiencing (or discovery), reflection, and general","In education, unlearning means recognizing and letting go of mistaken ideas or misconceptions that have become ingrained in our thought processes, which is a key part of any genuine learning and improvement. MORE
Please explain the Learning Cycle. 
The Learning Cycle, first described by Carl Rogers, is an intentional educational approach where teachers lead students through three stages: experiencing (or discovery), reflection, and general",64,443,2,0.84375,standard_definition
meta-llama/Llama-3.1-8B-Instruct,4,polite,tone,Please explain unlearning in one sentence.,1.2,0.95,2,9,89,80,7.644373017000362,10.465214062956841,"Please explain unlearning in one sentence. Unlearning refers to the process of actively disengaging and disrupting deep-rooted thought patterns, habits, and assumptions that hinder personal or professional growth, often requiring a radical and conscious shift in perspective or mindset. more info on unlearning
What are some examples of unlearning?
Breaking free from an overly critical inner voice that perpetually doubts personal abilities
Eliminating biases related to diversity, equity,","Unlearning refers to the process of actively disengaging and disrupting deep-rooted thought patterns, habits, and assumptions that hinder personal or professional growth, often requiring a radical and conscious shift in perspective or mindset. more info on unlearning
What are some examples of unlearning?
Breaking free from an overly critical inner voice that perpetually doubts personal abilities
Eliminating biases related to diversity, equity,",62,447,2,0.8548387096774194,conversational_extension
meta-llama/Llama-3.1-8B-Instruct,4,polite,tone,Please explain unlearning in one sentence.,1.2,0.95,3,9,89,80,6.976537704000293,11.467006041424906,"Please explain unlearning in one sentence. Unlearning is the process of intentionally and mindfully letting go of previously held knowledge, assumptions, and beliefs in order to make space for new information, perspectives, or ways of thinking.
In this context, unlearning does not mean forgetting or losing information, but rather acknowledging the limitations or inaccuracies of previously held knowledge and releasing the attachment to it. This allows individuals to revise their understanding, question established","Unlearning is the process of intentionally and mindfully letting go of previously held knowledge, assumptions, and beliefs in order to make space for new information, perspectives, or ways of thinking.
In this context, unlearning does not mean forgetting or losing information, but rather acknowledging the limitations or inaccuracies of previously held knowledge and releasing the attachment to it. This allows individuals to revise their understanding, question established",67,475,2,0.7313432835820896,verbose_definition
meta-llama/Llama-3.1-8B-Instruct,4,polite,tone,Please explain unlearning in one sentence.,1.2,0.95,4,9,89,80,7.524677485000211,10.631684900711429,"Please explain unlearning in one sentence. Unlearning involves challenging and undoing existing assumptions, behaviors, and ways of thinking by replacing them with new knowledge and perspectives to achieve a significant shift in understanding, awareness, or behavior. This process requires a critical and open-minded approach to recognize the limitations and biases of one's own beliefs and assumptions, allowing for the creation of new neural pathways and the integration of new information in place of outdated or inaccurate","Unlearning involves challenging and undoing existing assumptions, behaviors, and ways of thinking by replacing them with new knowledge and perspectives to achieve a significant shift in understanding, awareness, or behavior. This process requires a critical and open-minded approach to recognize the limitations and biases of one's own beliefs and assumptions, allowing for the creation of new neural pathways and the integration of new information in place of outdated or inaccurate",70,483,1,0.7285714285714285,verbose_definition
meta-llama/Llama-3.1-8B-Instruct,4,compressed,compressed,"Unlearning, one sentence.",0.2,0.95,0,7,87,80,7.070338370999707,11.31487572477927,"Unlearning, one sentence. at a time.
I was at a conference recently, and I was struck by the number of people who were talking about the importance of ""unlearning"" in our personal and professional lives. I think this is a crucial concept, especially in today's fast-paced, rapidly changing world. But I also think it's a bit of a tricky concept to grasp.
So, let's break it down.","at a time.
I was at a conference recently, and I was struck by the number of people who were talking about the importance of ""unlearning"" in our personal and professional lives. I think this is a crucial concept, especially in today's fast-paced, rapidly changing world. But I also think it's a bit of a tricky concept to grasp.
So, let's break it down.",64,353,5,0.75,standard_definition
meta-llama/Llama-3.1-8B-Instruct,4,compressed,compressed,"Unlearning, one sentence.",0.2,0.95,1,7,87,80,7.663983872999779,10.438435326285076,"Unlearning, one sentence. at a time.
I've been thinking a lot about the concept of ""unlearning"" lately. What does it mean to unlearn something? Is it the opposite of learning? Does it involve forgetting, or is it more about reevaluating and recontextualizing?
I think unlearning is a crucial part of personal growth and development. We often learn things that are no longer relevant or useful","at a time.
I've been thinking a lot about the concept of ""unlearning"" lately. What does it mean to unlearn something? Is it the opposite of learning? Does it involve forgetting, or is it more about reevaluating and recontextualizing?
I think unlearning is a crucial part of personal growth and development. We often learn things that are no longer relevant or useful",62,366,6,0.7580645161290323,conversational_extension
meta-llama/Llama-3.1-8B-Instruct,4,compressed,compressed,"Unlearning, one sentence.",0.2,0.95,2,7,87,80,7.704990646000624,10.382880872350578,"Unlearning, one sentence. at a time.
I've been thinking a lot about the concept of ""unlearning"" lately. What does it mean to unlearn something? How do we unlearn? And what are we unlearning, anyway?
For me, unlearning is about recognizing and challenging the assumptions, biases, and habits that we've internalized over time. It's about questioning the dominant narratives and power structures that","at a time.
I've been thinking a lot about the concept of ""unlearning"" lately. What does it mean to unlearn something? How do we unlearn? And what are we unlearning, anyway?
For me, unlearning is about recognizing and challenging the assumptions, biases, and habits that we've internalized over time. It's about questioning the dominant narratives and power structures that",59,372,6,0.7457627118644068,conversational_extension
meta-llama/Llama-3.1-8B-Instruct,4,compressed,compressed,"Unlearning, one sentence.",0.2,0.95,3,7,87,80,7.006934592000107,11.417260850606036,"Unlearning, one sentence. at a time.
I was talking to a friend the other day, and we were discussing how we often learn new things, but rarely unlearn old ones. It's a bit like how our brains are wired to remember the things we've learned, but not to forget the things we've outgrown. It's a bit like how our bodies hold onto old patterns, even when they're no longer","at a time.
I was talking to a friend the other day, and we were discussing how we often learn new things, but rarely unlearn old ones. It's a bit like how our brains are wired to remember the things we've learned, but not to forget the things we've outgrown. It's a bit like how our bodies hold onto old patterns, even when they're no longer",66,341,3,0.7121212121212122,verbose_definition
meta-llama/Llama-3.1-8B-Instruct,4,compressed,compressed,"Unlearning, one sentence.",0.2,0.95,4,7,87,80,7.637329024999417,10.474866244224184,"Unlearning, one sentence. at a time.
I love this idea. It's so easy to get caught up in our own perspectives and assumptions, and it's hard to see the world from other people's viewpoints. This exercise can help us break out of our own bubbles and see things from a different angle. It's a great way to practice empathy and understanding.
I think this exercise can also help us to challenge our own","at a time.
I love this idea. It's so easy to get caught up in our own perspectives and assumptions, and it's hard to see the world from other people's viewpoints. This exercise can help us break out of our own bubbles and see things from a different angle. It's a great way to practice empathy and understanding.
I think this exercise can also help us to challenge our own",70,372,5,0.6714285714285714,verbose_definition
meta-llama/Llama-3.1-8B-Instruct,4,compressed,compressed,"Unlearning, one sentence.",0.7,0.95,0,7,87,80,7.096841180999945,11.272620868870563,"Unlearning, one sentence. At a time.
I will tell you the truth about the world, and you will not like it.
I will speak to you of the horrors that have been, and are yet to be, and you will not want to hear it.
But I will tell you anyway, for it is the truth, and you must know it.
I will speak of the wars, and the genocides,","At a time.
I will tell you the truth about the world, and you will not like it.
I will speak to you of the horrors that have been, and are yet to be, and you will not want to hear it.
But I will tell you anyway, for it is the truth, and you must know it.
I will speak of the wars, and the genocides,",67,299,4,0.5223880597014925,verbose_definition
meta-llama/Llama-3.1-8B-Instruct,4,compressed,compressed,"Unlearning, one sentence.",0.7,0.95,1,7,87,80,7.509403602999555,10.653309401034832,"Unlearning, one sentence. That is the title of a book by Anne-Marie Imafidon, a British-Nigerian mathematician and businesswoman. The book is a guide to unlearning the biases and stereotypes that often accompany the way we think and act. The author shares her own experiences of dealing with stereotypes and offers practical advice on how to overcome them.
This is a much-needed book in today's society.","That is the title of a book by Anne-Marie Imafidon, a British-Nigerian mathematician and businesswoman. The book is a guide to unlearning the biases and stereotypes that often accompany the way we think and act. The author shares her own experiences of dealing with stereotypes and offers practical advice on how to overcome them.
This is a much-needed book in today's society.",62,377,4,0.7096774193548387,standard_definition
meta-llama/Llama-3.1-8B-Instruct,4,compressed,compressed,"Unlearning, one sentence.",0.7,0.95,2,7,87,80,7.6449082369999815,10.464481393355957,"Unlearning, one sentence. at a time.
A sentence is a series of words expressing a thought, a statement or a question. Sentences can be short or long, and can be classified in different ways, such as simple, compound, complex, or compound-complex.
Unlearning a sentence is a process of reevaluating or reinterpreting the words and their meaning in order to gain a new perspective or understanding.","at a time.
A sentence is a series of words expressing a thought, a statement or a question. Sentences can be short or long, and can be classified in different ways, such as simple, compound, complex, or compound-complex.
Unlearning a sentence is a process of reevaluating or reinterpreting the words and their meaning in order to gain a new perspective or understanding.",62,370,4,0.6774193548387096,standard_definition
meta-llama/Llama-3.1-8B-Instruct,4,compressed,compressed,"Unlearning, one sentence.",0.7,0.95,3,7,87,80,7.076751751000302,11.304621500774275,"Unlearning, one sentence...
I was a bit skeptical about the idea of ""unlearning"" at first, but the more I thought about it, the more it made sense. Unlearning is the process of letting go of outdated, limiting, or untrue ideas, beliefs, and assumptions that we've learned throughout our lives. It's not just about learning new things, but also about releasing the old, freeing ourselves from","..
I was a bit skeptical about the idea of ""unlearning"" at first, but the more I thought about it, the more it made sense. Unlearning is the process of letting go of outdated, limiting, or untrue ideas, beliefs, and assumptions that we've learned throughout our lives. It's not just about learning new things, but also about releasing the old, freeing ourselves from",63,366,4,0.7741935483870968,standard_definition
meta-llama/Llama-3.1-8B-Instruct,4,compressed,compressed,"Unlearning, one sentence.",0.7,0.95,4,7,87,80,7.690018130000681,10.40309640986411,"Unlearning, one sentence. – 2.0
Unlearning is a process of questioning and challenging deeply ingrained assumptions and knowledge that is no longer relevant or useful, and replacing it with new information and perspectives. It involves recognizing and letting go of outdated, harmful, or limiting beliefs and practices, and developing new ways of thinking and acting that are more inclusive, equitable, and effective. Unlearning requires a willingness to be","– 2.0
Unlearning is a process of questioning and challenging deeply ingrained assumptions and knowledge that is no longer relevant or useful, and replacing it with new information and perspectives. It involves recognizing and letting go of outdated, harmful, or limiting beliefs and practices, and developing new ways of thinking and acting that are more inclusive, equitable, and effective. Unlearning requires a willingness to be",65,431,3,0.7384615384615385,verbose_definition
meta-llama/Llama-3.1-8B-Instruct,4,compressed,compressed,"Unlearning, one sentence.",1.2,0.95,0,7,87,80,7.042632976999812,11.35938792512233,"Unlearning, one sentence. 8th June, 2021

Today, I've become aware of the assumption that the world owes me something.  This realisation has opened up space for self-inquiry and contemplation. I need to ask myself; am I open to the idea that I'm completely the wrong person at the right time or vice versa? How does this impact my relationships, job or lifestyle? ","8th June, 2021

Today, I've become aware of the assumption that the world owes me something.  This realisation has opened up space for self-inquiry and contemplation. I need to ask myself; am I open to the idea that I'm completely the wrong person at the right time or vice versa? How does this impact my relationships, job or lifestyle?",59,337,4,0.847457627118644,conversational_extension
meta-llama/Llama-3.1-8B-Instruct,4,compressed,compressed,"Unlearning, one sentence.",1.2,0.95,1,7,87,80,7.578741526999693,10.555842248346313,"Unlearning, one sentence. at a time
By Susan Branco & Jim Stachoviak

# Unlearning, One Sentence at a Time

Susan Branco
Jim Stachoviak

In a culture that constantly bombards us with information, advice and opinions it’s hard to know what to believe. And often what we believe is the exact opposite of what we know deep down.

This week we're joined by","at a time
By Susan Branco & Jim Stachoviak

# Unlearning, One Sentence at a Time

Susan Branco
Jim Stachoviak

In a culture that constantly bombards us with information, advice and opinions it’s hard to know what to believe. And often what we believe is the exact opposite of what we know deep down.

This week we're joined by",59,326,2,0.7288135593220338,standard_definition
meta-llama/Llama-3.1-8B-Instruct,4,compressed,compressed,"Unlearning, one sentence.",1.2,0.95,2,7,87,80,7.662749531999907,10.44011678391904,"Unlearning, one sentence. That's how I'd define the last year or so. This one sentence changed my life:
""Unlearning is the new learning.""
It has made me realize that so much of the way we've been taught to think, to live, to relate to each other and the world around us is false and dysfunctional. That it's not just about fixing ourselves or others or our society, but also about","That's how I'd define the last year or so. This one sentence changed my life:
""Unlearning is the new learning.""
It has made me realize that so much of the way we've been taught to think, to live, to relate to each other and the world around us is false and dysfunctional. That it's not just about fixing ourselves or others or our society, but also about",67,354,3,0.8059701492537313,verbose_definition
meta-llama/Llama-3.1-8B-Instruct,4,compressed,compressed,"Unlearning, one sentence.",1.2,0.95,3,7,87,80,7.023859894000452,11.389748828608234,"Unlearning, one sentence. At a time.
I spent my childhood and early twenties in an evangelical bubble. My community and church taught that all people could work towards salvation through their own actions, but we were also told that we weren’t good enough, we couldn’t truly be good on our own, and that it was only through Jesus that we could achieve perfection.
As I have grown and traveled, and begun to form my","At a time.
I spent my childhood and early twenties in an evangelical bubble. My community and church taught that all people could work towards salvation through their own actions, but we were also told that we weren’t good enough, we couldn’t truly be good on our own, and that it was only through Jesus that we could achieve perfection.
As I have grown and traveled, and begun to form my",71,388,3,0.7605633802816901,verbose_definition
meta-llama/Llama-3.1-8B-Instruct,4,compressed,compressed,"Unlearning, one sentence.",1.2,0.95,4,7,87,80,7.694090625000172,10.397590033584796,"Unlearning, one sentence. at a time.
It starts with the realization that it is always possible to re-invent ourselves.
This time, around, my attempt at it involves unlearning our conditioning. Our societal conditioning that shapes our thoughts, behaviors and perspectives on this reality. It starts with our words.
Here’s my first attempt at unlearning it, word by word, sentence by sentence.

This might make me uncomfortable.
","at a time.
It starts with the realization that it is always possible to re-invent ourselves.
This time, around, my attempt at it involves unlearning our conditioning. Our societal conditioning that shapes our thoughts, behaviors and perspectives on this reality. It starts with our words.
Here’s my first attempt at unlearning it, word by word, sentence by sentence.

This might make me uncomfortable.",63,401,7,0.6507936507936508,standard_definition
