model_id,model_revision,task_family,r_semantic_class,r_operation,r_selection_policy,r_scope,r_edit_budget,n,both_correct,broke,recovered,both_wrong,clean_accuracy,perturbed_accuracy,delta,delta_ci_low,delta_ci_high,delta_ci_method,clean_conditioned_failure,retention,discordant_rate,mcnemar_p_value,mcnemar_method,answer_flip_rate,invalid_or_clarification_rate,n_audit_excluded,delta_valid_only,mcnemar_p_valid_only,p_value_adjustment,mcnemar_p_value_adjusted,is_significant_after_adjustment
Qwen/Qwen2.5-1.5B-Instruct,989aa7980e4cf806f80c7fef2b1adb7bc71aa306,gsm8k,A,delete,keyboard_neighbor,anywhere,1,24,13,1,0,10,0.5833333333333334,0.5416666666666666,0.04166666666666674,0.0,0.2904200991072988,BCa,0.07142857142857142,0.9285714285714285,0.041666666666666664,0.4999999999999999,exact_midp,0.08333333333333333,0.0,0,0.04166666666666674,0.4999999999999999,bh_fdr_exploratory,0.7151741293532337,False
Qwen/Qwen2.5-1.5B-Instruct,989aa7980e4cf806f80c7fef2b1adb7bc71aa306,gsm8k,A,delete,keyboard_neighbor,anywhere,2,24,11,3,2,8,0.5833333333333334,0.5416666666666666,0.04166666666666674,-0.08333333333333337,0.25,BCa,0.21428571428571427,0.9285714285714285,0.20833333333333334,0.6875000000000002,exact_midp,0.375,0.0,0,0.04166666666666674,0.6875000000000002,bh_fdr_exploratory,0.7661094961240312,False
Qwen/Qwen2.5-1.5B-Instruct,989aa7980e4cf806f80c7fef2b1adb7bc71aa306,gsm8k,A,delete,keyboard_neighbor,anywhere,4,24,12,2,2,8,0.5833333333333334,0.5833333333333334,0.0,-0.16666666666666669,0.16666666666666669,BCa,0.14285714285714285,1.0,0.16666666666666666,0.625,exact_midp,0.3333333333333333,0.0,0,0.0,0.625,bh_fdr_exploratory,0.7274797570850203,False
Qwen/Qwen2.5-1.5B-Instruct,989aa7980e4cf806f80c7fef2b1adb7bc71aa306,gsm8k,A,delete,whitespace,anywhere,1,24,14,0,1,9,0.5833333333333334,0.625,-0.04166666666666663,-0.16666666666666674,0.0,BCa,0.0,1.0714285714285714,0.041666666666666664,0.4999999999999999,exact_midp,0.20833333333333334,0.0,0,-0.04166666666666663,0.4999999999999999,bh_fdr_exploratory,0.7151741293532337,False
Qwen/Qwen2.5-1.5B-Instruct,989aa7980e4cf806f80c7fef2b1adb7bc71aa306,gsm8k,A,delete,whitespace,anywhere,2,24,13,1,1,9,0.5833333333333334,0.5833333333333334,0.0,-0.125,0.125,BCa,0.07142857142857142,1.0,0.08333333333333333,0.4999999999999998,exact_midp,0.25,0.0,0,0.0,0.4999999999999998,bh_fdr_exploratory,0.7151741293532337,False
Qwen/Qwen2.5-1.5B-Instruct,989aa7980e4cf806f80c7fef2b1adb7bc71aa306,gsm8k,A,insert,filler_word,anywhere,1,24,12,2,0,10,0.5833333333333334,0.5,0.08333333333333337,0.0,0.2916666666666667,BCa,0.14285714285714285,0.8571428571428571,0.08333333333333333,0.25,exact_midp,0.16666666666666666,0.0,0,0.08333333333333337,0.25,bh_fdr_exploratory,0.7151741293532337,False
Qwen/Qwen2.5-1.5B-Instruct,989aa7980e4cf806f80c7fef2b1adb7bc71aa306,gsm8k,A,insert,filler_word,anywhere,2,24,11,3,3,7,0.5833333333333334,0.5833333333333334,0.0,-0.20833333333333337,0.20833333333333331,BCa,0.21428571428571427,1.0,0.25,0.6875000000000002,exact_midp,0.375,0.0,0,0.0,0.6875000000000002,bh_fdr_exploratory,0.7661094961240312,False
Qwen/Qwen2.5-1.5B-Instruct,989aa7980e4cf806f80c7fef2b1adb7bc71aa306,gsm8k,A,insert,keyboard_neighbor,anywhere,1,24,12,2,0,10,0.5833333333333334,0.5,0.08333333333333337,0.0,0.2916666666666667,BCa,0.14285714285714285,0.8571428571428571,0.08333333333333333,0.25,exact_midp,0.20833333333333334,0.0,0,0.08333333333333337,0.25,bh_fdr_exploratory,0.7151741293532337,False
Qwen/Qwen2.5-1.5B-Instruct,989aa7980e4cf806f80c7fef2b1adb7bc71aa306,gsm8k,A,insert,keyboard_neighbor,anywhere,2,24,12,2,1,9,0.5833333333333334,0.5416666666666666,0.04166666666666674,-0.04166666666666674,0.24999999999999994,BCa,0.14285714285714285,0.9285714285714285,0.125,0.6249999999999999,exact_midp,0.16666666666666666,0.0,0,0.04166666666666674,0.6249999999999999,bh_fdr_exploratory,0.7274797570850203,False
Qwen/Qwen2.5-1.5B-Instruct,989aa7980e4cf806f80c7fef2b1adb7bc71aa306,gsm8k,A,insert,keyboard_neighbor,anywhere,4,24,12,2,1,9,0.5833333333333334,0.5416666666666666,0.04166666666666674,-0.04166666666666674,0.24999999999999994,BCa,0.14285714285714285,0.9285714285714285,0.125,0.6249999999999999,exact_midp,0.3333333333333333,0.0,0,0.04166666666666674,0.6249999999999999,bh_fdr_exploratory,0.7274797570850203,False
Qwen/Qwen2.5-1.5B-Instruct,989aa7980e4cf806f80c7fef2b1adb7bc71aa306,gsm8k,A,substitute,fragmentation_matched,anywhere,1,42,16,6,1,19,0.5238095238095238,0.40476190476190477,0.11904761904761907,0.02380952380952378,0.2619047619047619,BCa,0.2727272727272727,0.7727272727272727,0.16666666666666666,0.07031250000000001,exact_midp,0.2857142857142857,0.0,0,0.11904761904761907,0.07031250000000001,bh_fdr_exploratory,0.7151741293532337,False
Qwen/Qwen2.5-1.5B-Instruct,989aa7980e4cf806f80c7fef2b1adb7bc71aa306,gsm8k,A,substitute,fragmentation_matched,anywhere,2,48,18,10,1,19,0.5833333333333334,0.3958333333333333,0.18750000000000006,0.08333333333333331,0.33333333333333337,BCa,0.35714285714285715,0.6785714285714285,0.22916666666666666,0.00634765625,exact_midp,0.375,0.0,0,0.18750000000000006,0.00634765625,bh_fdr_exploratory,0.7151741293532337,False
Qwen/Qwen2.5-1.5B-Instruct,989aa7980e4cf806f80c7fef2b1adb7bc71aa306,gsm8k,A,substitute,informative_word,answer_critical,1,24,13,1,0,10,0.5833333333333334,0.5416666666666666,0.04166666666666674,0.0,0.24838298599183867,BCa,0.07142857142857142,0.9285714285714285,0.041666666666666664,0.4999999999999999,exact_midp,0.16666666666666666,0.0,0,0.04166666666666674,0.4999999999999999,bh_fdr_exploratory,0.7151741293532337,False
Qwen/Qwen2.5-1.5B-Instruct,989aa7980e4cf806f80c7fef2b1adb7bc71aa306,gsm8k,A,substitute,informative_word,answer_critical,2,24,9,5,1,9,0.5833333333333334,0.4166666666666667,0.16666666666666669,0.0,0.37500000000000006,BCa,0.35714285714285715,0.7142857142857143,0.25,0.12499999999999997,exact_midp,0.3333333333333333,0.0,0,0.16666666666666669,0.12499999999999997,bh_fdr_exploratory,0.7151741293532337,False
Qwen/Qwen2.5-1.5B-Instruct,989aa7980e4cf806f80c7fef2b1adb7bc71aa306,gsm8k,A,substitute,keyboard_neighbor,anywhere,1,24,12,2,0,10,0.5833333333333334,0.5,0.08333333333333337,0.0,0.2916666666666667,BCa,0.14285714285714285,0.8571428571428571,0.08333333333333333,0.25,exact_midp,0.25,0.0,0,0.08333333333333337,0.25,bh_fdr_exploratory,0.7151741293532337,False
Qwen/Qwen2.5-1.5B-Instruct,989aa7980e4cf806f80c7fef2b1adb7bc71aa306,gsm8k,A,substitute,keyboard_neighbor,anywhere,2,24,11,3,2,8,0.5833333333333334,0.5416666666666666,0.04166666666666674,-0.12499999999999994,0.25000000000000006,BCa,0.21428571428571427,0.9285714285714285,0.20833333333333334,0.6875000000000002,exact_midp,0.3333333333333333,0.0,0,0.04166666666666674,0.6875000000000002,holm_within_model_primary,0.9999999999999998,False
Qwen/Qwen2.5-1.5B-Instruct,989aa7980e4cf806f80c7fef2b1adb7bc71aa306,gsm8k,A,substitute,keyboard_neighbor,anywhere,4,24,12,2,0,10,0.5833333333333334,0.5,0.08333333333333337,0.0,0.2916666666666667,BCa,0.14285714285714285,0.8571428571428571,0.08333333333333333,0.25,exact_midp,0.25,0.0,0,0.08333333333333337,0.25,bh_fdr_exploratory,0.7151741293532337,False
Qwen/Qwen2.5-1.5B-Instruct,989aa7980e4cf806f80c7fef2b1adb7bc71aa306,gsm8k,A,substitute,keyboard_neighbor,anywhere,8,24,8,6,2,8,0.5833333333333334,0.4166666666666667,0.16666666666666669,-0.041666666666666685,0.37500000000000006,BCa,0.42857142857142855,0.7142857142857143,0.3333333333333333,0.17968749999999994,exact_midp,0.5416666666666666,0.0,0,0.16666666666666669,0.17968749999999994,bh_fdr_exploratory,0.7151741293532337,False
Qwen/Qwen2.5-1.5B-Instruct,989aa7980e4cf806f80c7fef2b1adb7bc71aa306,gsm8k,A,substitute,keyboard_neighbor,content,1,24,11,3,0,10,0.5833333333333334,0.4583333333333333,0.12500000000000006,0.041666666666666685,0.375,BCa,0.21428571428571427,0.7857142857142856,0.125,0.125,exact_midp,0.20833333333333334,0.0,0,0.12500000000000006,0.125,bh_fdr_exploratory,0.7151741293532337,False
Qwen/Qwen2.5-1.5B-Instruct,989aa7980e4cf806f80c7fef2b1adb7bc71aa306,gsm8k,A,substitute,keyboard_neighbor,content,2,24,9,5,2,8,0.5833333333333334,0.4583333333333333,0.12500000000000006,-0.041666666666666685,0.375,BCa,0.35714285714285715,0.7857142857142856,0.2916666666666667,0.2890625,exact_midp,0.3333333333333333,0.0,0,0.12500000000000006,0.2890625,bh_fdr_exploratory,0.7151741293532337,False
Qwen/Qwen2.5-1.5B-Instruct,989aa7980e4cf806f80c7fef2b1adb7bc71aa306,gsm8k,A,substitute,keyboard_neighbor,content,4,24,12,2,1,9,0.5833333333333334,0.5416666666666666,0.04166666666666674,-0.04166666666666674,0.24999999999999994,BCa,0.14285714285714285,0.9285714285714285,0.125,0.6249999999999999,exact_midp,0.3333333333333333,0.0,0,0.04166666666666674,0.6249999999999999,bh_fdr_exploratory,0.7274797570850203,False
Qwen/Qwen2.5-1.5B-Instruct,989aa7980e4cf806f80c7fef2b1adb7bc71aa306,gsm8k,A,transpose,keyboard_neighbor,anywhere,1,24,11,3,0,10,0.5833333333333334,0.4583333333333333,0.12500000000000006,0.041666666666666685,0.375,BCa,0.21428571428571427,0.7857142857142856,0.125,0.125,exact_midp,0.20833333333333334,0.0,0,0.12500000000000006,0.125,bh_fdr_exploratory,0.7151741293532337,False
Qwen/Qwen2.5-1.5B-Instruct,989aa7980e4cf806f80c7fef2b1adb7bc71aa306,gsm8k,A,transpose,keyboard_neighbor,anywhere,2,24,13,1,1,9,0.5833333333333334,0.5833333333333334,0.0,-0.125,0.125,BCa,0.07142857142857142,1.0,0.08333333333333333,0.4999999999999998,exact_midp,0.20833333333333334,0.0,0,0.0,0.4999999999999998,bh_fdr_exploratory,0.7151741293532337,False
Qwen/Qwen2.5-1.5B-Instruct,989aa7980e4cf806f80c7fef2b1adb7bc71aa306,gsm8k,A,transpose,keyboard_neighbor,anywhere,4,24,11,3,4,6,0.5833333333333334,0.625,-0.04166666666666663,-0.25,0.20833333333333326,BCa,0.21428571428571427,1.0714285714285714,0.2916666666666667,0.7265625000000001,exact_midp,0.4166666666666667,0.0,0,-0.04166666666666663,0.7265625000000001,bh_fdr_exploratory,0.79880198374761,False
Qwen/Qwen2.5-1.5B-Instruct,989aa7980e4cf806f80c7fef2b1adb7bc71aa306,gsm8k,B,substitute,homophone,anywhere,1,24,12,2,0,10,0.5833333333333334,0.5,0.08333333333333337,0.0,0.2916666666666667,BCa,0.14285714285714285,0.8571428571428571,0.08333333333333333,0.25,exact_midp,0.20833333333333334,0.0,0,0.08333333333333337,0.25,bh_fdr_exploratory,0.7151741293532337,False
Qwen/Qwen2.5-1.5B-Instruct,989aa7980e4cf806f80c7fef2b1adb7bc71aa306,gsm8k,B,substitute,homophone,anywhere,2,24,12,2,0,10,0.5833333333333334,0.5,0.08333333333333337,0.0,0.2916666666666667,BCa,0.14285714285714285,0.8571428571428571,0.08333333333333333,0.25,exact_midp,0.20833333333333334,0.0,0,0.08333333333333337,0.25,bh_fdr_exploratory,0.7151741293532337,False
Qwen/Qwen2.5-1.5B-Instruct,989aa7980e4cf806f80c7fef2b1adb7bc71aa306,gsm8k,B,substitute,real_word,anywhere,2,24,11,3,0,10,0.5833333333333334,0.4583333333333333,0.12500000000000006,0.041666666666666685,0.33687106182946996,BCa,0.21428571428571427,0.7857142857142856,0.125,0.125,exact_midp,0.2916666666666667,0.0,0,0.12500000000000006,0.125,bh_fdr_exploratory,0.7151741293532337,False
Qwen/Qwen2.5-1.5B-Instruct,989aa7980e4cf806f80c7fef2b1adb7bc71aa306,gsm8k,B,substitute,real_word,anywhere,3,24,11,3,0,10,0.5833333333333334,0.4583333333333333,0.12500000000000006,0.041666666666666685,0.375,BCa,0.21428571428571427,0.7857142857142856,0.125,0.125,exact_midp,0.375,0.0,0,0.12500000000000006,0.125,bh_fdr_exploratory,0.7151741293532337,False
Qwen/Qwen2.5-1.5B-Instruct,989aa7980e4cf806f80c7fef2b1adb7bc71aa306,gsm8k,B,substitute,real_word,anywhere,4,24,7,7,1,9,0.5833333333333334,0.3333333333333333,0.25000000000000006,0.08333333333333331,0.5,BCa,0.5,0.5714285714285714,0.3333333333333333,0.039062500000000014,exact_midp,0.5416666666666666,0.0,0,0.25000000000000006,0.039062500000000014,bh_fdr_exploratory,0.7151741293532337,False
Qwen/Qwen2.5-1.5B-Instruct,989aa7980e4cf806f80c7fef2b1adb7bc71aa306,gsm_symbolic_official,A,delete,keyboard_neighbor,anywhere,1,24,9,1,0,14,0.4166666666666667,0.375,0.041666666666666685,0.0,0.20833333333333337,BCa,0.1,0.8999999999999999,0.041666666666666664,0.4999999999999999,exact_midp,0.2916666666666667,0.0,0,0.041666666666666685,0.4999999999999999,bh_fdr_exploratory,0.7151741293532337,False
Qwen/Qwen2.5-1.5B-Instruct,989aa7980e4cf806f80c7fef2b1adb7bc71aa306,gsm_symbolic_official,A,delete,keyboard_neighbor,anywhere,2,24,8,2,1,13,0.4166666666666667,0.375,0.041666666666666685,-0.08333333333333331,0.20833333333333337,BCa,0.2,0.8999999999999999,0.125,0.6249999999999999,exact_midp,0.4583333333333333,0.0,0,0.041666666666666685,0.6249999999999999,bh_fdr_exploratory,0.7274797570850203,False
Qwen/Qwen2.5-1.5B-Instruct,989aa7980e4cf806f80c7fef2b1adb7bc71aa306,gsm_symbolic_official,A,delete,keyboard_neighbor,anywhere,4,24,5,5,1,13,0.4166666666666667,0.25,0.16666666666666669,0.0,0.41666666666666663,BCa,0.5,0.6,0.25,0.12499999999999997,exact_midp,0.7083333333333334,0.0,0,0.16666666666666669,0.12499999999999997,bh_fdr_exploratory,0.7151741293532337,False
Qwen/Qwen2.5-1.5B-Instruct,989aa7980e4cf806f80c7fef2b1adb7bc71aa306,gsm_symbolic_official,A,delete,whitespace,anywhere,1,24,9,1,0,14,0.4166666666666667,0.375,0.041666666666666685,0.0,0.25,BCa,0.1,0.8999999999999999,0.041666666666666664,0.4999999999999999,exact_midp,0.16666666666666666,0.0,0,0.041666666666666685,0.4999999999999999,bh_fdr_exploratory,0.7151741293532337,False
Qwen/Qwen2.5-1.5B-Instruct,989aa7980e4cf806f80c7fef2b1adb7bc71aa306,gsm_symbolic_official,A,delete,whitespace,anywhere,2,24,7,3,0,14,0.4166666666666667,0.2916666666666667,0.125,0.04166666666666663,0.2916666666666667,BCa,0.3,0.7000000000000001,0.125,0.125,exact_midp,0.4583333333333333,0.0,0,0.125,0.125,bh_fdr_exploratory,0.7151741293532337,False
Qwen/Qwen2.5-1.5B-Instruct,989aa7980e4cf806f80c7fef2b1adb7bc71aa306,gsm_symbolic_official,A,insert,filler_word,anywhere,1,24,8,2,2,12,0.4166666666666667,0.4166666666666667,0.0,-0.16666666666666669,0.16666666666666666,BCa,0.2,1.0,0.16666666666666666,0.625,exact_midp,0.3333333333333333,0.0,0,0.0,0.625,bh_fdr_exploratory,0.7274797570850203,False
Qwen/Qwen2.5-1.5B-Instruct,989aa7980e4cf806f80c7fef2b1adb7bc71aa306,gsm_symbolic_official,A,insert,filler_word,anywhere,2,24,9,1,0,14,0.4166666666666667,0.375,0.041666666666666685,0.0,0.20833333333333334,BCa,0.1,0.8999999999999999,0.041666666666666664,0.4999999999999999,exact_midp,0.375,0.0,0,0.041666666666666685,0.4999999999999999,bh_fdr_exploratory,0.7151741293532337,False
Qwen/Qwen2.5-1.5B-Instruct,989aa7980e4cf806f80c7fef2b1adb7bc71aa306,gsm_symbolic_official,A,insert,keyboard_neighbor,anywhere,1,24,10,0,1,13,0.4166666666666667,0.4583333333333333,-0.04166666666666663,-0.16666666666666666,0.0,BCa,0.0,1.0999999999999999,0.041666666666666664,0.4999999999999999,exact_midp,0.375,0.0,0,-0.04166666666666663,0.4999999999999999,bh_fdr_exploratory,0.7151741293532337,False
Qwen/Qwen2.5-1.5B-Instruct,989aa7980e4cf806f80c7fef2b1adb7bc71aa306,gsm_symbolic_official,A,insert,keyboard_neighbor,anywhere,2,24,8,2,0,14,0.4166666666666667,0.3333333333333333,0.08333333333333337,0.04166666666666663,0.2923662607671152,BCa,0.2,0.7999999999999999,0.08333333333333333,0.25,exact_midp,0.4583333333333333,0.0,0,0.08333333333333337,0.25,bh_fdr_exploratory,0.7151741293532337,False
Qwen/Qwen2.5-1.5B-Instruct,989aa7980e4cf806f80c7fef2b1adb7bc71aa306,gsm_symbolic_official,A,insert,keyboard_neighbor,anywhere,4,24,5,5,0,14,0.4166666666666667,0.20833333333333334,0.20833333333333334,0.08333333333333334,0.4264084404145858,BCa,0.5,0.5,0.20833333333333334,0.03125000000000003,exact_midp,0.5,0.0,0,0.20833333333333334,0.03125000000000003,bh_fdr_exploratory,0.7151741293532337,False
Qwen/Qwen2.5-1.5B-Instruct,989aa7980e4cf806f80c7fef2b1adb7bc71aa306,gsm_symbolic_official,A,substitute,fragmentation_matched,anywhere,1,42,11,5,1,25,0.38095238095238093,0.2857142857142857,0.09523809523809523,0.0,0.2142857142857143,BCa,0.3125,0.75,0.14285714285714285,0.12499999999999997,exact_midp,0.3333333333333333,0.0,0,0.09523809523809523,0.12499999999999997,bh_fdr_exploratory,0.7151741293532337,False
Qwen/Qwen2.5-1.5B-Instruct,989aa7980e4cf806f80c7fef2b1adb7bc71aa306,gsm_symbolic_official,A,substitute,fragmentation_matched,anywhere,2,46,10,8,3,25,0.391304347826087,0.2826086956521739,0.10869565217391308,0.0,0.2826086956521739,BCa,0.4444444444444444,0.7222222222222221,0.2391304347826087,0.14599609375,exact_midp,0.5869565217391305,0.0,0,0.10869565217391308,0.14599609375,bh_fdr_exploratory,0.7151741293532337,False
Qwen/Qwen2.5-1.5B-Instruct,989aa7980e4cf806f80c7fef2b1adb7bc71aa306,gsm_symbolic_official,A,substitute,informative_word,answer_critical,1,24,8,2,2,12,0.4166666666666667,0.4166666666666667,0.0,-0.16666666666666669,0.16666666666666669,BCa,0.2,1.0,0.16666666666666666,0.625,exact_midp,0.4166666666666667,0.0,0,0.0,0.625,bh_fdr_exploratory,0.7274797570850203,False
Qwen/Qwen2.5-1.5B-Instruct,989aa7980e4cf806f80c7fef2b1adb7bc71aa306,gsm_symbolic_official,A,substitute,informative_word,answer_critical,2,24,7,3,0,14,0.4166666666666667,0.2916666666666667,0.125,0.04166666666666663,0.3333333333333333,BCa,0.3,0.7000000000000001,0.125,0.125,exact_midp,0.5,0.0,0,0.125,0.125,bh_fdr_exploratory,0.7151741293532337,False
Qwen/Qwen2.5-1.5B-Instruct,989aa7980e4cf806f80c7fef2b1adb7bc71aa306,gsm_symbolic_official,A,substitute,keyboard_neighbor,anywhere,1,24,6,4,0,14,0.4166666666666667,0.25,0.16666666666666669,0.08333333333333331,0.375,BCa,0.4,0.6,0.16666666666666666,0.062499999999999986,exact_midp,0.375,0.0,0,0.16666666666666669,0.062499999999999986,bh_fdr_exploratory,0.7151741293532337,False
Qwen/Qwen2.5-1.5B-Instruct,989aa7980e4cf806f80c7fef2b1adb7bc71aa306,gsm_symbolic_official,A,substitute,keyboard_neighbor,anywhere,2,24,6,4,1,13,0.4166666666666667,0.2916666666666667,0.125,-0.04166666666666663,0.33333333333333326,BCa,0.4,0.7000000000000001,0.20833333333333334,0.21875000000000003,exact_midp,0.4583333333333333,0.0,0,0.125,0.21875000000000003,holm_within_model_primary,0.8750000000000001,False
Qwen/Qwen2.5-1.5B-Instruct,989aa7980e4cf806f80c7fef2b1adb7bc71aa306,gsm_symbolic_official,A,substitute,keyboard_neighbor,anywhere,4,24,5,5,0,14,0.4166666666666667,0.20833333333333334,0.20833333333333334,0.08333333333333334,0.4583333333333333,BCa,0.5,0.5,0.20833333333333334,0.03125000000000003,exact_midp,0.5833333333333334,0.0,0,0.20833333333333334,0.03125000000000003,bh_fdr_exploratory,0.7151741293532337,False
Qwen/Qwen2.5-1.5B-Instruct,989aa7980e4cf806f80c7fef2b1adb7bc71aa306,gsm_symbolic_official,A,substitute,keyboard_neighbor,anywhere,8,24,4,6,1,13,0.4166666666666667,0.20833333333333334,0.20833333333333334,0.04166666666666666,0.45833333333333326,BCa,0.6,0.5,0.2916666666666667,0.07031250000000001,exact_midp,0.5833333333333334,0.0,0,0.20833333333333334,0.07031250000000001,bh_fdr_exploratory,0.7151741293532337,False
Qwen/Qwen2.5-1.5B-Instruct,989aa7980e4cf806f80c7fef2b1adb7bc71aa306,gsm_symbolic_official,A,substitute,keyboard_neighbor,content,1,24,8,2,1,13,0.4166666666666667,0.375,0.041666666666666685,-0.08333333333333331,0.20833333333333334,BCa,0.2,0.8999999999999999,0.125,0.6249999999999999,exact_midp,0.375,0.0,0,0.041666666666666685,0.6249999999999999,bh_fdr_exploratory,0.7274797570850203,False
Qwen/Qwen2.5-1.5B-Instruct,989aa7980e4cf806f80c7fef2b1adb7bc71aa306,gsm_symbolic_official,A,substitute,keyboard_neighbor,content,2,24,7,3,0,14,0.4166666666666667,0.2916666666666667,0.125,0.04166666666666663,0.3333333333333333,BCa,0.3,0.7000000000000001,0.125,0.125,exact_midp,0.4166666666666667,0.0,0,0.125,0.125,bh_fdr_exploratory,0.7151741293532337,False
Qwen/Qwen2.5-1.5B-Instruct,989aa7980e4cf806f80c7fef2b1adb7bc71aa306,gsm_symbolic_official,A,substitute,keyboard_neighbor,content,4,24,6,4,0,14,0.4166666666666667,0.25,0.16666666666666669,0.08333333333333331,0.375,BCa,0.4,0.6,0.16666666666666666,0.062499999999999986,exact_midp,0.5,0.0,0,0.16666666666666669,0.062499999999999986,bh_fdr_exploratory,0.7151741293532337,False
Qwen/Qwen2.5-1.5B-Instruct,989aa7980e4cf806f80c7fef2b1adb7bc71aa306,gsm_symbolic_official,A,transpose,keyboard_neighbor,anywhere,1,24,10,0,0,14,0.4166666666666667,0.4166666666666667,0.0,0.0,0.0,percentile,0.0,1.0,0.0,1.0,exact_midp,0.2916666666666667,0.0,0,0.0,1.0,bh_fdr_exploratory,1.0,False
Qwen/Qwen2.5-1.5B-Instruct,989aa7980e4cf806f80c7fef2b1adb7bc71aa306,gsm_symbolic_official,A,transpose,keyboard_neighbor,anywhere,2,24,7,3,1,13,0.4166666666666667,0.3333333333333333,0.08333333333333337,-0.04166666666666663,0.2916666666666667,BCa,0.3,0.7999999999999999,0.16666666666666666,0.375,exact_midp,0.5416666666666666,0.0,0,0.08333333333333337,0.375,bh_fdr_exploratory,0.7151741293532337,False
Qwen/Qwen2.5-1.5B-Instruct,989aa7980e4cf806f80c7fef2b1adb7bc71aa306,gsm_symbolic_official,A,transpose,keyboard_neighbor,anywhere,4,24,6,4,1,13,0.4166666666666667,0.2916666666666667,0.125,-0.04166666666666666,0.33333333333333326,BCa,0.4,0.7000000000000001,0.20833333333333334,0.21875000000000003,exact_midp,0.5416666666666666,0.0,0,0.125,0.21875000000000003,bh_fdr_exploratory,0.7151741293532337,False
Qwen/Qwen2.5-1.5B-Instruct,989aa7980e4cf806f80c7fef2b1adb7bc71aa306,gsm_symbolic_official,B,substitute,homophone,anywhere,1,24,7,3,2,12,0.4166666666666667,0.375,0.041666666666666685,-0.125,0.25,BCa,0.3,0.8999999999999999,0.20833333333333334,0.6875000000000002,exact_midp,0.5,0.0,0,0.041666666666666685,0.6875000000000002,bh_fdr_exploratory,0.7661094961240312,False
Qwen/Qwen2.5-1.5B-Instruct,989aa7980e4cf806f80c7fef2b1adb7bc71aa306,gsm_symbolic_official,B,substitute,homophone,anywhere,2,24,6,4,0,14,0.4166666666666667,0.25,0.16666666666666669,0.08333333333333331,0.41666666666666663,BCa,0.4,0.6,0.16666666666666666,0.062499999999999986,exact_midp,0.5,0.0,0,0.16666666666666669,0.062499999999999986,bh_fdr_exploratory,0.7151741293532337,False
Qwen/Qwen2.5-1.5B-Instruct,989aa7980e4cf806f80c7fef2b1adb7bc71aa306,gsm_symbolic_official,B,substitute,real_word,anywhere,2,24,6,4,0,14,0.4166666666666667,0.25,0.16666666666666669,0.08333333333333331,0.375,BCa,0.4,0.6,0.16666666666666666,0.062499999999999986,exact_midp,0.4166666666666667,0.0,0,0.16666666666666669,0.062499999999999986,bh_fdr_exploratory,0.7151741293532337,False
Qwen/Qwen2.5-1.5B-Instruct,989aa7980e4cf806f80c7fef2b1adb7bc71aa306,gsm_symbolic_official,B,substitute,real_word,anywhere,3,24,2,8,1,13,0.4166666666666667,0.125,0.2916666666666667,0.08333333333333334,0.5416666666666666,BCa,0.8,0.3,0.375,0.021484374999999983,exact_midp,0.7916666666666666,0.0,0,0.2916666666666667,0.021484374999999983,bh_fdr_exploratory,0.7151741293532337,False
Qwen/Qwen2.5-1.5B-Instruct,989aa7980e4cf806f80c7fef2b1adb7bc71aa306,gsm_symbolic_official,B,substitute,real_word,anywhere,4,24,7,3,0,14,0.4166666666666667,0.2916666666666667,0.125,0.04166666666666663,0.3333333333333333,BCa,0.3,0.7000000000000001,0.125,0.125,exact_midp,0.625,0.0,0,0.125,0.125,bh_fdr_exploratory,0.7151741293532337,False
Qwen/Qwen2.5-1.5B-Instruct,989aa7980e4cf806f80c7fef2b1adb7bc71aa306,gsm_symbolic_official,C,substitute,keyboard_neighbor,anywhere,0,16,3,3,2,8,0.375,0.3125,0.0625,-0.1875,0.3125,BCa,0.5,0.8333333333333334,0.3125,0.6875000000000002,exact_midp,0.8125,0.0,0,0.0625,0.6875000000000002,bh_fdr_exploratory,0.7661094961240312,False
Qwen/Qwen2.5-1.5B-Instruct,989aa7980e4cf806f80c7fef2b1adb7bc71aa306,mmlu,A,delete,keyboard_neighbor,anywhere,1,24,12,0,1,11,0.5,0.5416666666666666,-0.04166666666666663,-0.16666666666666669,0.0,BCa,0.0,1.0833333333333333,0.041666666666666664,0.4999999999999999,exact_midp,0.08333333333333333,0.0,0,-0.04166666666666663,0.4999999999999999,bh_fdr_exploratory,0.7151741293532337,False
Qwen/Qwen2.5-1.5B-Instruct,989aa7980e4cf806f80c7fef2b1adb7bc71aa306,mmlu,A,delete,keyboard_neighbor,anywhere,2,24,12,0,1,11,0.5,0.5416666666666666,-0.04166666666666663,-0.16666666666666669,0.0,BCa,0.0,1.0833333333333333,0.041666666666666664,0.4999999999999999,exact_midp,0.125,0.0,0,-0.04166666666666663,0.4999999999999999,bh_fdr_exploratory,0.7151741293532337,False
Qwen/Qwen2.5-1.5B-Instruct,989aa7980e4cf806f80c7fef2b1adb7bc71aa306,mmlu,A,delete,keyboard_neighbor,anywhere,4,24,10,2,0,12,0.5,0.4166666666666667,0.08333333333333331,0.0,0.25,BCa,0.16666666666666666,0.8333333333333334,0.08333333333333333,0.25,exact_midp,0.125,0.0,0,0.08333333333333331,0.25,bh_fdr_exploratory,0.7151741293532337,False
Qwen/Qwen2.5-1.5B-Instruct,989aa7980e4cf806f80c7fef2b1adb7bc71aa306,mmlu,A,delete,whitespace,anywhere,1,24,12,0,0,12,0.5,0.5,0.0,0.0,0.0,percentile,0.0,1.0,0.0,1.0,exact_midp,0.041666666666666664,0.0,0,0.0,1.0,bh_fdr_exploratory,1.0,False
Qwen/Qwen2.5-1.5B-Instruct,989aa7980e4cf806f80c7fef2b1adb7bc71aa306,mmlu,A,delete,whitespace,anywhere,2,24,11,1,0,12,0.5,0.4583333333333333,0.041666666666666685,0.0,0.21944057188617688,BCa,0.08333333333333333,0.9166666666666666,0.041666666666666664,0.4999999999999999,exact_midp,0.041666666666666664,0.0,0,0.041666666666666685,0.4999999999999999,bh_fdr_exploratory,0.7151741293532337,False
Qwen/Qwen2.5-1.5B-Instruct,989aa7980e4cf806f80c7fef2b1adb7bc71aa306,mmlu,A,insert,filler_word,anywhere,1,24,10,2,0,12,0.5,0.4166666666666667,0.08333333333333331,0.0,0.24999999999999994,BCa,0.16666666666666666,0.8333333333333334,0.08333333333333333,0.25,exact_midp,0.08333333333333333,0.0,0,0.08333333333333331,0.25,bh_fdr_exploratory,0.7151741293532337,False
Qwen/Qwen2.5-1.5B-Instruct,989aa7980e4cf806f80c7fef2b1adb7bc71aa306,mmlu,A,insert,filler_word,anywhere,2,24,10,2,0,12,0.5,0.4166666666666667,0.08333333333333331,0.0,0.25,BCa,0.16666666666666666,0.8333333333333334,0.08333333333333333,0.25,exact_midp,0.08333333333333333,0.0,0,0.08333333333333331,0.25,bh_fdr_exploratory,0.7151741293532337,False
Qwen/Qwen2.5-1.5B-Instruct,989aa7980e4cf806f80c7fef2b1adb7bc71aa306,mmlu,A,insert,keyboard_neighbor,anywhere,1,24,12,0,0,12,0.5,0.5,0.0,0.0,0.0,percentile,0.0,1.0,0.0,1.0,exact_midp,0.041666666666666664,0.0,0,0.0,1.0,bh_fdr_exploratory,1.0,False
Qwen/Qwen2.5-1.5B-Instruct,989aa7980e4cf806f80c7fef2b1adb7bc71aa306,mmlu,A,insert,keyboard_neighbor,anywhere,2,24,11,1,0,12,0.5,0.4583333333333333,0.041666666666666685,0.0,0.21279212588789662,BCa,0.08333333333333333,0.9166666666666666,0.041666666666666664,0.4999999999999999,exact_midp,0.041666666666666664,0.0,0,0.041666666666666685,0.4999999999999999,bh_fdr_exploratory,0.7151741293532337,False
Qwen/Qwen2.5-1.5B-Instruct,989aa7980e4cf806f80c7fef2b1adb7bc71aa306,mmlu,A,insert,keyboard_neighbor,anywhere,4,24,12,0,0,12,0.5,0.5,0.0,0.0,0.0,percentile,0.0,1.0,0.0,1.0,exact_midp,0.0,0.0,0,0.0,1.0,bh_fdr_exploratory,1.0,False
Qwen/Qwen2.5-1.5B-Instruct,989aa7980e4cf806f80c7fef2b1adb7bc71aa306,mmlu,A,substitute,fragmentation_matched,anywhere,1,40,18,0,0,22,0.45,0.45,0.0,0.0,0.0,percentile,0.0,1.0,0.0,1.0,exact_midp,0.0,0.0,0,0.0,1.0,bh_fdr_exploratory,1.0,False
Qwen/Qwen2.5-1.5B-Instruct,989aa7980e4cf806f80c7fef2b1adb7bc71aa306,mmlu,A,substitute,fragmentation_matched,anywhere,2,40,18,0,0,22,0.45,0.45,0.0,0.0,0.0,percentile,0.0,1.0,0.0,1.0,exact_midp,0.025,0.0,0,0.0,1.0,bh_fdr_exploratory,1.0,False
Qwen/Qwen2.5-1.5B-Instruct,989aa7980e4cf806f80c7fef2b1adb7bc71aa306,mmlu,A,substitute,informative_word,answer_critical,1,24,12,0,0,12,0.5,0.5,0.0,0.0,0.0,percentile,0.0,1.0,0.0,1.0,exact_midp,0.0,0.0,0,0.0,1.0,bh_fdr_exploratory,1.0,False
Qwen/Qwen2.5-1.5B-Instruct,989aa7980e4cf806f80c7fef2b1adb7bc71aa306,mmlu,A,substitute,informative_word,answer_critical,2,24,12,0,0,12,0.5,0.5,0.0,0.0,0.0,percentile,0.0,1.0,0.0,1.0,exact_midp,0.0,0.0,0,0.0,1.0,bh_fdr_exploratory,1.0,False
Qwen/Qwen2.5-1.5B-Instruct,989aa7980e4cf806f80c7fef2b1adb7bc71aa306,mmlu,A,substitute,keyboard_neighbor,anywhere,1,24,12,0,0,12,0.5,0.5,0.0,0.0,0.0,percentile,0.0,1.0,0.0,1.0,exact_midp,0.041666666666666664,0.0,0,0.0,1.0,bh_fdr_exploratory,1.0,False
Qwen/Qwen2.5-1.5B-Instruct,989aa7980e4cf806f80c7fef2b1adb7bc71aa306,mmlu,A,substitute,keyboard_neighbor,anywhere,2,24,12,0,0,12,0.5,0.5,0.0,0.0,0.0,percentile,0.0,1.0,0.0,1.0,exact_midp,0.0,0.0,0,0.0,1.0,bh_fdr_exploratory,1.0,False
Qwen/Qwen2.5-1.5B-Instruct,989aa7980e4cf806f80c7fef2b1adb7bc71aa306,mmlu,A,substitute,keyboard_neighbor,anywhere,4,24,12,0,2,10,0.5,0.5833333333333334,-0.08333333333333337,-0.2916666666666667,-0.04166666666666663,BCa,0.0,1.1666666666666667,0.08333333333333333,0.25,exact_midp,0.125,0.0,0,-0.08333333333333337,0.25,holm_within_model_primary,0.8750000000000001,False
Qwen/Qwen2.5-1.5B-Instruct,989aa7980e4cf806f80c7fef2b1adb7bc71aa306,mmlu,A,substitute,keyboard_neighbor,anywhere,8,24,9,3,1,11,0.5,0.4166666666666667,0.08333333333333331,-0.08333333333333331,0.25,BCa,0.25,0.8333333333333334,0.16666666666666666,0.375,exact_midp,0.20833333333333334,0.0,0,0.08333333333333331,0.375,bh_fdr_exploratory,0.7151741293532337,False
Qwen/Qwen2.5-1.5B-Instruct,989aa7980e4cf806f80c7fef2b1adb7bc71aa306,mmlu,A,substitute,keyboard_neighbor,content,1,24,10,2,1,11,0.5,0.4583333333333333,0.041666666666666685,-0.08333333333333331,0.20833333333333337,BCa,0.16666666666666666,0.9166666666666666,0.125,0.6249999999999999,exact_midp,0.125,0.0,0,0.041666666666666685,0.6249999999999999,bh_fdr_exploratory,0.7274797570850203,False
Qwen/Qwen2.5-1.5B-Instruct,989aa7980e4cf806f80c7fef2b1adb7bc71aa306,mmlu,A,substitute,keyboard_neighbor,content,2,24,12,0,1,11,0.5,0.5416666666666666,-0.04166666666666663,-0.16666666666666669,0.0,BCa,0.0,1.0833333333333333,0.041666666666666664,0.4999999999999999,exact_midp,0.041666666666666664,0.0,0,-0.04166666666666663,0.4999999999999999,bh_fdr_exploratory,0.7151741293532337,False
Qwen/Qwen2.5-1.5B-Instruct,989aa7980e4cf806f80c7fef2b1adb7bc71aa306,mmlu,A,substitute,keyboard_neighbor,content,4,24,10,2,1,11,0.5,0.4583333333333333,0.041666666666666685,-0.08333333333333331,0.20833333333333337,BCa,0.16666666666666666,0.9166666666666666,0.125,0.6249999999999999,exact_midp,0.125,0.0,0,0.041666666666666685,0.6249999999999999,bh_fdr_exploratory,0.7274797570850203,False
Qwen/Qwen2.5-1.5B-Instruct,989aa7980e4cf806f80c7fef2b1adb7bc71aa306,mmlu,A,transpose,keyboard_neighbor,anywhere,1,24,12,0,0,12,0.5,0.5,0.0,0.0,0.0,percentile,0.0,1.0,0.0,1.0,exact_midp,0.0,0.0,0,0.0,1.0,bh_fdr_exploratory,1.0,False
Qwen/Qwen2.5-1.5B-Instruct,989aa7980e4cf806f80c7fef2b1adb7bc71aa306,mmlu,A,transpose,keyboard_neighbor,anywhere,2,24,12,0,1,11,0.5,0.5416666666666666,-0.04166666666666663,-0.16666666666666669,0.0,BCa,0.0,1.0833333333333333,0.041666666666666664,0.4999999999999999,exact_midp,0.041666666666666664,0.0,0,-0.04166666666666663,0.4999999999999999,bh_fdr_exploratory,0.7151741293532337,False
Qwen/Qwen2.5-1.5B-Instruct,989aa7980e4cf806f80c7fef2b1adb7bc71aa306,mmlu,A,transpose,keyboard_neighbor,anywhere,4,24,11,1,1,11,0.5,0.5,0.0,-0.125,0.125,BCa,0.08333333333333333,1.0,0.08333333333333333,0.4999999999999998,exact_midp,0.08333333333333333,0.0,0,0.0,0.4999999999999998,bh_fdr_exploratory,0.7151741293532337,False
Qwen/Qwen2.5-1.5B-Instruct,989aa7980e4cf806f80c7fef2b1adb7bc71aa306,mmlu,B,substitute,homophone,anywhere,1,23,11,0,0,12,0.4782608695652174,0.4782608695652174,0.0,0.0,0.0,percentile,0.0,1.0,0.0,1.0,exact_midp,0.043478260869565216,0.0,0,0.0,1.0,bh_fdr_exploratory,1.0,False
Qwen/Qwen2.5-1.5B-Instruct,989aa7980e4cf806f80c7fef2b1adb7bc71aa306,mmlu,B,substitute,homophone,anywhere,2,22,7,3,0,12,0.45454545454545453,0.3181818181818182,0.13636363636363635,0.045454545454545414,0.3181818181818182,BCa,0.3,0.7000000000000001,0.13636363636363635,0.125,exact_midp,0.13636363636363635,0.0,0,0.13636363636363635,0.125,bh_fdr_exploratory,0.7151741293532337,False
Qwen/Qwen2.5-1.5B-Instruct,989aa7980e4cf806f80c7fef2b1adb7bc71aa306,mmlu,B,substitute,real_word,anywhere,2,24,12,0,1,11,0.5,0.5416666666666666,-0.04166666666666663,-0.16666666666666669,0.0,BCa,0.0,1.0833333333333333,0.041666666666666664,0.4999999999999999,exact_midp,0.125,0.0,0,-0.04166666666666663,0.4999999999999999,bh_fdr_exploratory,0.7151741293532337,False
Qwen/Qwen2.5-1.5B-Instruct,989aa7980e4cf806f80c7fef2b1adb7bc71aa306,mmlu,B,substitute,real_word,anywhere,3,24,9,3,0,12,0.5,0.375,0.125,0.04166666666666663,0.3333333333333333,BCa,0.25,0.75,0.125,0.125,exact_midp,0.25,0.0,0,0.125,0.125,bh_fdr_exploratory,0.7151741293532337,False
Qwen/Qwen2.5-1.5B-Instruct,989aa7980e4cf806f80c7fef2b1adb7bc71aa306,mmlu,B,substitute,real_word,anywhere,4,24,11,1,0,12,0.5,0.4583333333333333,0.041666666666666685,0.0,0.20833333333333337,BCa,0.08333333333333333,0.9166666666666666,0.041666666666666664,0.4999999999999999,exact_midp,0.125,0.0,0,0.041666666666666685,0.4999999999999999,bh_fdr_exploratory,0.7151741293532337,False
Qwen/Qwen2.5-1.5B-Instruct,989aa7980e4cf806f80c7fef2b1adb7bc71aa306,mmlu,C,substitute,keyboard_neighbor,anywhere,0,24,10,2,2,10,0.5,0.5,0.0,-0.16666666666666669,0.16666666666666669,BCa,0.16666666666666666,1.0,0.16666666666666666,0.625,exact_midp,0.8333333333333334,0.0,0,0.0,0.625,bh_fdr_exploratory,0.7274797570850203,False
Qwen/Qwen2.5-1.5B-Instruct,989aa7980e4cf806f80c7fef2b1adb7bc71aa306,mmlu_pro,A,delete,keyboard_neighbor,anywhere,1,24,4,1,0,19,0.20833333333333334,0.16666666666666666,0.041666666666666685,0.0,0.20833333333333337,BCa,0.2,0.7999999999999999,0.041666666666666664,0.4999999999999999,exact_midp,0.041666666666666664,0.0,0,0.041666666666666685,0.4999999999999999,bh_fdr_exploratory,0.7151741293532337,False
Qwen/Qwen2.5-1.5B-Instruct,989aa7980e4cf806f80c7fef2b1adb7bc71aa306,mmlu_pro,A,delete,keyboard_neighbor,anywhere,2,24,3,2,1,18,0.20833333333333334,0.16666666666666666,0.041666666666666685,-0.041666666666666685,0.24999999999999997,BCa,0.4,0.7999999999999999,0.125,0.6249999999999999,exact_midp,0.16666666666666666,0.0,0,0.041666666666666685,0.6249999999999999,bh_fdr_exploratory,0.7274797570850203,False
Qwen/Qwen2.5-1.5B-Instruct,989aa7980e4cf806f80c7fef2b1adb7bc71aa306,mmlu_pro,A,delete,keyboard_neighbor,anywhere,4,24,3,2,0,19,0.20833333333333334,0.125,0.08333333333333334,0.0,0.2916666666666667,BCa,0.4,0.6,0.08333333333333333,0.25,exact_midp,0.16666666666666666,0.0,0,0.08333333333333334,0.25,bh_fdr_exploratory,0.7151741293532337,False
Qwen/Qwen2.5-1.5B-Instruct,989aa7980e4cf806f80c7fef2b1adb7bc71aa306,mmlu_pro,A,delete,whitespace,anywhere,1,24,4,1,0,19,0.20833333333333334,0.16666666666666666,0.041666666666666685,0.0,0.20833333333333337,BCa,0.2,0.7999999999999999,0.041666666666666664,0.4999999999999999,exact_midp,0.08333333333333333,0.0,0,0.041666666666666685,0.4999999999999999,bh_fdr_exploratory,0.7151741293532337,False
Qwen/Qwen2.5-1.5B-Instruct,989aa7980e4cf806f80c7fef2b1adb7bc71aa306,mmlu_pro,A,delete,whitespace,anywhere,2,24,5,0,1,18,0.20833333333333334,0.25,-0.04166666666666666,-0.16666666666666669,0.0,BCa,0.0,1.2,0.041666666666666664,0.4999999999999999,exact_midp,0.041666666666666664,0.0,0,-0.04166666666666666,0.4999999999999999,bh_fdr_exploratory,0.7151741293532337,False
Qwen/Qwen2.5-1.5B-Instruct,989aa7980e4cf806f80c7fef2b1adb7bc71aa306,mmlu_pro,A,insert,filler_word,anywhere,1,24,5,0,0,19,0.20833333333333334,0.20833333333333334,0.0,0.0,0.0,percentile,0.0,1.0,0.0,1.0,exact_midp,0.041666666666666664,0.0,0,0.0,1.0,bh_fdr_exploratory,1.0,False
Qwen/Qwen2.5-1.5B-Instruct,989aa7980e4cf806f80c7fef2b1adb7bc71aa306,mmlu_pro,A,insert,filler_word,anywhere,2,24,4,1,0,19,0.20833333333333334,0.16666666666666666,0.041666666666666685,0.0,0.20833333333333337,BCa,0.2,0.7999999999999999,0.041666666666666664,0.4999999999999999,exact_midp,0.16666666666666666,0.0,0,0.041666666666666685,0.4999999999999999,bh_fdr_exploratory,0.7151741293532337,False
Qwen/Qwen2.5-1.5B-Instruct,989aa7980e4cf806f80c7fef2b1adb7bc71aa306,mmlu_pro,A,insert,keyboard_neighbor,anywhere,1,24,4,1,0,19,0.20833333333333334,0.16666666666666666,0.041666666666666685,0.0,0.2467537270485233,BCa,0.2,0.7999999999999999,0.041666666666666664,0.4999999999999999,exact_midp,0.041666666666666664,0.0,0,0.041666666666666685,0.4999999999999999,bh_fdr_exploratory,0.7151741293532337,False
Qwen/Qwen2.5-1.5B-Instruct,989aa7980e4cf806f80c7fef2b1adb7bc71aa306,mmlu_pro,A,insert,keyboard_neighbor,anywhere,2,24,5,0,0,19,0.20833333333333334,0.20833333333333334,0.0,0.0,0.0,percentile,0.0,1.0,0.0,1.0,exact_midp,0.16666666666666666,0.041666666666666664,0,0.0,1.0,bh_fdr_exploratory,1.0,False
Qwen/Qwen2.5-1.5B-Instruct,989aa7980e4cf806f80c7fef2b1adb7bc71aa306,mmlu_pro,A,insert,keyboard_neighbor,anywhere,4,24,4,1,2,17,0.20833333333333334,0.25,-0.04166666666666666,-0.16666666666666669,0.12499999999999997,BCa,0.2,1.2,0.125,0.6249999999999999,exact_midp,0.25,0.0,0,-0.04166666666666666,0.6249999999999999,bh_fdr_exploratory,0.7274797570850203,False
Qwen/Qwen2.5-1.5B-Instruct,989aa7980e4cf806f80c7fef2b1adb7bc71aa306,mmlu_pro,A,substitute,fragmentation_matched,anywhere,1,36,8,0,0,28,0.2222222222222222,0.2222222222222222,0.0,0.0,0.0,percentile,0.0,1.0,0.0,1.0,exact_midp,0.0,0.0,0,0.0,1.0,bh_fdr_exploratory,1.0,False
Qwen/Qwen2.5-1.5B-Instruct,989aa7980e4cf806f80c7fef2b1adb7bc71aa306,mmlu_pro,A,substitute,fragmentation_matched,anywhere,2,44,7,1,1,35,0.18181818181818182,0.18181818181818182,0.0,-0.06818181818181818,0.06818181818181818,BCa,0.125,1.0,0.045454545454545456,0.4999999999999998,exact_midp,0.09090909090909091,0.0,0,0.0,0.4999999999999998,bh_fdr_exploratory,0.7151741293532337,False
Qwen/Qwen2.5-1.5B-Instruct,989aa7980e4cf806f80c7fef2b1adb7bc71aa306,mmlu_pro,A,substitute,informative_word,answer_critical,1,24,5,0,0,19,0.20833333333333334,0.20833333333333334,0.0,0.0,0.0,percentile,0.0,1.0,0.0,1.0,exact_midp,0.125,0.041666666666666664,0,0.0,1.0,bh_fdr_exploratory,1.0,False
Qwen/Qwen2.5-1.5B-Instruct,989aa7980e4cf806f80c7fef2b1adb7bc71aa306,mmlu_pro,A,substitute,informative_word,answer_critical,2,24,5,0,0,19,0.20833333333333334,0.20833333333333334,0.0,0.0,0.0,percentile,0.0,1.0,0.0,1.0,exact_midp,0.08333333333333333,0.041666666666666664,0,0.0,1.0,bh_fdr_exploratory,1.0,False
Qwen/Qwen2.5-1.5B-Instruct,989aa7980e4cf806f80c7fef2b1adb7bc71aa306,mmlu_pro,A,substitute,keyboard_neighbor,anywhere,1,24,4,1,0,19,0.20833333333333334,0.16666666666666666,0.041666666666666685,0.0,0.20833333333333337,BCa,0.2,0.7999999999999999,0.041666666666666664,0.4999999999999999,exact_midp,0.08333333333333333,0.0,0,0.041666666666666685,0.4999999999999999,bh_fdr_exploratory,0.7151741293532337,False
Qwen/Qwen2.5-1.5B-Instruct,989aa7980e4cf806f80c7fef2b1adb7bc71aa306,mmlu_pro,A,substitute,keyboard_neighbor,anywhere,2,24,5,0,1,18,0.20833333333333334,0.25,-0.04166666666666666,-0.16666666666666669,0.0,BCa,0.0,1.2,0.041666666666666664,0.4999999999999999,exact_midp,0.08333333333333333,0.0,0,-0.04166666666666666,0.4999999999999999,bh_fdr_exploratory,0.7151741293532337,False
Qwen/Qwen2.5-1.5B-Instruct,989aa7980e4cf806f80c7fef2b1adb7bc71aa306,mmlu_pro,A,substitute,keyboard_neighbor,anywhere,4,24,5,0,1,18,0.20833333333333334,0.25,-0.04166666666666666,-0.16666666666666669,0.0,BCa,0.0,1.2,0.041666666666666664,0.4999999999999999,exact_midp,0.125,0.0,0,-0.04166666666666666,0.4999999999999999,holm_within_model_primary,0.9999999999999998,False
Qwen/Qwen2.5-1.5B-Instruct,989aa7980e4cf806f80c7fef2b1adb7bc71aa306,mmlu_pro,A,substitute,keyboard_neighbor,anywhere,8,24,4,1,0,19,0.20833333333333334,0.16666666666666666,0.041666666666666685,0.0,0.20833333333333337,BCa,0.2,0.7999999999999999,0.041666666666666664,0.4999999999999999,exact_midp,0.16666666666666666,0.0,0,0.041666666666666685,0.4999999999999999,bh_fdr_exploratory,0.7151741293532337,False
Qwen/Qwen2.5-1.5B-Instruct,989aa7980e4cf806f80c7fef2b1adb7bc71aa306,mmlu_pro,A,substitute,keyboard_neighbor,content,1,24,4,1,0,19,0.20833333333333334,0.16666666666666666,0.041666666666666685,0.0,0.25,BCa,0.2,0.7999999999999999,0.041666666666666664,0.4999999999999999,exact_midp,0.125,0.0,0,0.041666666666666685,0.4999999999999999,bh_fdr_exploratory,0.7151741293532337,False
Qwen/Qwen2.5-1.5B-Instruct,989aa7980e4cf806f80c7fef2b1adb7bc71aa306,mmlu_pro,A,substitute,keyboard_neighbor,content,2,24,4,1,1,18,0.20833333333333334,0.20833333333333334,0.0,-0.125,0.125,BCa,0.2,1.0,0.08333333333333333,0.4999999999999998,exact_midp,0.16666666666666666,0.0,0,0.0,0.4999999999999998,bh_fdr_exploratory,0.7151741293532337,False
Qwen/Qwen2.5-1.5B-Instruct,989aa7980e4cf806f80c7fef2b1adb7bc71aa306,mmlu_pro,A,substitute,keyboard_neighbor,content,4,24,4,1,0,19,0.20833333333333334,0.16666666666666666,0.041666666666666685,0.0,0.20833333333333337,BCa,0.2,0.7999999999999999,0.041666666666666664,0.4999999999999999,exact_midp,0.16666666666666666,0.041666666666666664,0,0.043478260869565216,0.4999999999999999,bh_fdr_exploratory,0.7151741293532337,False
Qwen/Qwen2.5-1.5B-Instruct,989aa7980e4cf806f80c7fef2b1adb7bc71aa306,mmlu_pro,A,transpose,keyboard_neighbor,anywhere,1,24,4,1,0,19,0.20833333333333334,0.16666666666666666,0.041666666666666685,0.0,0.20833333333333337,BCa,0.2,0.7999999999999999,0.041666666666666664,0.4999999999999999,exact_midp,0.041666666666666664,0.0,0,0.041666666666666685,0.4999999999999999,bh_fdr_exploratory,0.7151741293532337,False
Qwen/Qwen2.5-1.5B-Instruct,989aa7980e4cf806f80c7fef2b1adb7bc71aa306,mmlu_pro,A,transpose,keyboard_neighbor,anywhere,2,24,5,0,0,19,0.20833333333333334,0.20833333333333334,0.0,0.0,0.0,percentile,0.0,1.0,0.0,1.0,exact_midp,0.08333333333333333,0.0,0,0.0,1.0,bh_fdr_exploratory,1.0,False
Qwen/Qwen2.5-1.5B-Instruct,989aa7980e4cf806f80c7fef2b1adb7bc71aa306,mmlu_pro,A,transpose,keyboard_neighbor,anywhere,4,24,5,0,0,19,0.20833333333333334,0.20833333333333334,0.0,0.0,0.0,percentile,0.0,1.0,0.0,1.0,exact_midp,0.125,0.0,0,0.0,1.0,bh_fdr_exploratory,1.0,False
Qwen/Qwen2.5-1.5B-Instruct,989aa7980e4cf806f80c7fef2b1adb7bc71aa306,mmlu_pro,B,substitute,homophone,anywhere,1,24,5,0,1,18,0.20833333333333334,0.25,-0.04166666666666666,-0.16666666666666669,0.0,BCa,0.0,1.2,0.041666666666666664,0.4999999999999999,exact_midp,0.125,0.0,0,-0.04166666666666666,0.4999999999999999,bh_fdr_exploratory,0.7151741293532337,False
Qwen/Qwen2.5-1.5B-Instruct,989aa7980e4cf806f80c7fef2b1adb7bc71aa306,mmlu_pro,B,substitute,homophone,anywhere,2,23,4,1,1,17,0.21739130434782608,0.21739130434782608,0.0,-0.13043478260869565,0.13043478260869565,BCa,0.2,1.0,0.08695652173913043,0.4999999999999998,exact_midp,0.13043478260869565,0.0,0,0.0,0.4999999999999998,bh_fdr_exploratory,0.7151741293532337,False
Qwen/Qwen2.5-1.5B-Instruct,989aa7980e4cf806f80c7fef2b1adb7bc71aa306,mmlu_pro,B,substitute,real_word,anywhere,2,24,5,0,1,18,0.20833333333333334,0.25,-0.04166666666666666,-0.16666666666666669,0.0,BCa,0.0,1.2,0.041666666666666664,0.4999999999999999,exact_midp,0.20833333333333334,0.0,0,-0.04166666666666666,0.4999999999999999,bh_fdr_exploratory,0.7151741293532337,False
Qwen/Qwen2.5-1.5B-Instruct,989aa7980e4cf806f80c7fef2b1adb7bc71aa306,mmlu_pro,B,substitute,real_word,anywhere,3,24,4,1,0,19,0.20833333333333334,0.16666666666666666,0.041666666666666685,0.0,0.20833333333333337,BCa,0.2,0.7999999999999999,0.041666666666666664,0.4999999999999999,exact_midp,0.2916666666666667,0.0,0,0.041666666666666685,0.4999999999999999,bh_fdr_exploratory,0.7151741293532337,False
Qwen/Qwen2.5-1.5B-Instruct,989aa7980e4cf806f80c7fef2b1adb7bc71aa306,mmlu_pro,B,substitute,real_word,anywhere,4,24,5,0,0,19,0.20833333333333334,0.20833333333333334,0.0,0.0,0.0,percentile,0.0,1.0,0.0,1.0,exact_midp,0.125,0.0,0,0.0,1.0,bh_fdr_exploratory,1.0,False
Qwen/Qwen2.5-1.5B-Instruct,989aa7980e4cf806f80c7fef2b1adb7bc71aa306,mmlu_pro,C,substitute,keyboard_neighbor,anywhere,0,24,2,3,3,16,0.20833333333333334,0.20833333333333334,0.0,-0.20833333333333337,0.20833333333333331,BCa,0.6,1.0,0.25,0.6875000000000002,exact_midp,0.6666666666666666,0.0,0,0.0,0.6875000000000002,bh_fdr_exploratory,0.7661094961240312,False
Qwen/Qwen2.5-7B-Instruct-AWQ,b25037543e9394b818fdfca67ab2a00ecc7dd641,gsm8k,A,delete,keyboard_neighbor,anywhere,1,24,21,0,2,1,0.875,0.9583333333333334,-0.08333333333333337,-0.29166666666666663,0.0,BCa,0.0,1.0952380952380953,0.08333333333333333,0.25,exact_midp,0.125,0.0,0,-0.08333333333333337,0.25,bh_fdr_exploratory,0.7151741293532337,False
Qwen/Qwen2.5-7B-Instruct-AWQ,b25037543e9394b818fdfca67ab2a00ecc7dd641,gsm8k,A,delete,keyboard_neighbor,anywhere,2,24,21,0,2,1,0.875,0.9583333333333334,-0.08333333333333337,-0.29166666666666663,0.0,BCa,0.0,1.0952380952380953,0.08333333333333333,0.25,exact_midp,0.08333333333333333,0.0,0,-0.08333333333333337,0.25,bh_fdr_exploratory,0.7151741293532337,False
Qwen/Qwen2.5-7B-Instruct-AWQ,b25037543e9394b818fdfca67ab2a00ecc7dd641,gsm8k,A,delete,keyboard_neighbor,anywhere,4,24,21,0,2,1,0.875,0.9583333333333334,-0.08333333333333337,-0.29166666666666663,0.0,BCa,0.0,1.0952380952380953,0.08333333333333333,0.25,exact_midp,0.08333333333333333,0.0,0,-0.08333333333333337,0.25,bh_fdr_exploratory,0.7151741293532337,False
Qwen/Qwen2.5-7B-Instruct-AWQ,b25037543e9394b818fdfca67ab2a00ecc7dd641,gsm8k,A,delete,whitespace,anywhere,1,24,21,0,1,2,0.875,0.9166666666666666,-0.04166666666666663,-0.16666666666666674,0.0,BCa,0.0,1.0476190476190477,0.041666666666666664,0.4999999999999999,exact_midp,0.08333333333333333,0.0,0,-0.04166666666666663,0.4999999999999999,bh_fdr_exploratory,0.7151741293532337,False
Qwen/Qwen2.5-7B-Instruct-AWQ,b25037543e9394b818fdfca67ab2a00ecc7dd641,gsm8k,A,delete,whitespace,anywhere,2,24,21,0,1,2,0.875,0.9166666666666666,-0.04166666666666663,-0.16666666666666674,0.0,BCa,0.0,1.0476190476190477,0.041666666666666664,0.4999999999999999,exact_midp,0.041666666666666664,0.0,0,-0.04166666666666663,0.4999999999999999,bh_fdr_exploratory,0.7151741293532337,False
Qwen/Qwen2.5-7B-Instruct-AWQ,b25037543e9394b818fdfca67ab2a00ecc7dd641,gsm8k,A,insert,filler_word,anywhere,1,24,21,0,1,2,0.875,0.9166666666666666,-0.04166666666666663,-0.16666666666666674,0.0,BCa,0.0,1.0476190476190477,0.041666666666666664,0.4999999999999999,exact_midp,0.041666666666666664,0.0,0,-0.04166666666666663,0.4999999999999999,bh_fdr_exploratory,0.7151741293532337,False
Qwen/Qwen2.5-7B-Instruct-AWQ,b25037543e9394b818fdfca67ab2a00ecc7dd641,gsm8k,A,insert,filler_word,anywhere,2,24,21,0,1,2,0.875,0.9166666666666666,-0.04166666666666663,-0.20833333333333326,0.0,BCa,0.0,1.0476190476190477,0.041666666666666664,0.4999999999999999,exact_midp,0.125,0.0,0,-0.04166666666666663,0.4999999999999999,bh_fdr_exploratory,0.7151741293532337,False
Qwen/Qwen2.5-7B-Instruct-AWQ,b25037543e9394b818fdfca67ab2a00ecc7dd641,gsm8k,A,insert,keyboard_neighbor,anywhere,1,24,21,0,1,2,0.875,0.9166666666666666,-0.04166666666666663,-0.16666666666666674,0.0,BCa,0.0,1.0476190476190477,0.041666666666666664,0.4999999999999999,exact_midp,0.041666666666666664,0.0,0,-0.04166666666666663,0.4999999999999999,bh_fdr_exploratory,0.7151741293532337,False
Qwen/Qwen2.5-7B-Instruct-AWQ,b25037543e9394b818fdfca67ab2a00ecc7dd641,gsm8k,A,insert,keyboard_neighbor,anywhere,2,24,20,1,1,2,0.875,0.875,0.0,-0.125,0.125,BCa,0.047619047619047616,1.0,0.08333333333333333,0.4999999999999998,exact_midp,0.125,0.0,0,0.0,0.4999999999999998,bh_fdr_exploratory,0.7151741293532337,False
Qwen/Qwen2.5-7B-Instruct-AWQ,b25037543e9394b818fdfca67ab2a00ecc7dd641,gsm8k,A,insert,keyboard_neighbor,anywhere,4,24,20,1,1,2,0.875,0.875,0.0,-0.125,0.125,BCa,0.047619047619047616,1.0,0.08333333333333333,0.4999999999999998,exact_midp,0.16666666666666666,0.0,0,0.0,0.4999999999999998,bh_fdr_exploratory,0.7151741293532337,False
Qwen/Qwen2.5-7B-Instruct-AWQ,b25037543e9394b818fdfca67ab2a00ecc7dd641,gsm8k,A,substitute,fragmentation_matched,anywhere,1,42,35,1,4,2,0.8571428571428571,0.9285714285714286,-0.07142857142857151,-0.2142857142857143,0.0,BCa,0.027777777777777776,1.0833333333333335,0.11904761904761904,0.21875000000000003,exact_midp,0.11904761904761904,0.0,0,-0.07142857142857151,0.21875000000000003,bh_fdr_exploratory,0.7151741293532337,False
Qwen/Qwen2.5-7B-Instruct-AWQ,b25037543e9394b818fdfca67ab2a00ecc7dd641,gsm8k,A,substitute,fragmentation_matched,anywhere,2,48,36,6,4,2,0.875,0.8333333333333334,0.04166666666666663,-0.10416666666666663,0.16666666666666663,BCa,0.14285714285714285,0.9523809523809524,0.20833333333333334,0.5488281250000001,exact_midp,0.20833333333333334,0.0,0,0.04166666666666663,0.5488281250000001,bh_fdr_exploratory,0.7274797570850203,False
Qwen/Qwen2.5-7B-Instruct-AWQ,b25037543e9394b818fdfca67ab2a00ecc7dd641,gsm8k,A,substitute,informative_word,answer_critical,1,24,21,0,2,1,0.875,0.9583333333333334,-0.08333333333333337,-0.29166666666666663,0.0,BCa,0.0,1.0952380952380953,0.08333333333333333,0.25,exact_midp,0.08333333333333333,0.0,0,-0.08333333333333337,0.25,bh_fdr_exploratory,0.7151741293532337,False
Qwen/Qwen2.5-7B-Instruct-AWQ,b25037543e9394b818fdfca67ab2a00ecc7dd641,gsm8k,A,substitute,informative_word,answer_critical,2,24,21,0,2,1,0.875,0.9583333333333334,-0.08333333333333337,-0.29166666666666663,0.0,BCa,0.0,1.0952380952380953,0.08333333333333333,0.25,exact_midp,0.08333333333333333,0.0,0,-0.08333333333333337,0.25,bh_fdr_exploratory,0.7151741293532337,False
Qwen/Qwen2.5-7B-Instruct-AWQ,b25037543e9394b818fdfca67ab2a00ecc7dd641,gsm8k,A,substitute,keyboard_neighbor,anywhere,1,24,21,0,1,2,0.875,0.9166666666666666,-0.04166666666666663,-0.16666666666666674,0.0,BCa,0.0,1.0476190476190477,0.041666666666666664,0.4999999999999999,exact_midp,0.041666666666666664,0.0,0,-0.04166666666666663,0.4999999999999999,bh_fdr_exploratory,0.7151741293532337,False
Qwen/Qwen2.5-7B-Instruct-AWQ,b25037543e9394b818fdfca67ab2a00ecc7dd641,gsm8k,A,substitute,keyboard_neighbor,anywhere,2,24,21,0,1,2,0.875,0.9166666666666666,-0.04166666666666663,-0.16666666666666674,0.0,BCa,0.0,1.0476190476190477,0.041666666666666664,0.4999999999999999,exact_midp,0.08333333333333333,0.0,0,-0.04166666666666663,0.4999999999999999,holm_within_model_primary,0.75,False
Qwen/Qwen2.5-7B-Instruct-AWQ,b25037543e9394b818fdfca67ab2a00ecc7dd641,gsm8k,A,substitute,keyboard_neighbor,anywhere,4,24,20,1,1,2,0.875,0.875,0.0,-0.125,0.125,BCa,0.047619047619047616,1.0,0.08333333333333333,0.4999999999999998,exact_midp,0.125,0.0,0,0.0,0.4999999999999998,bh_fdr_exploratory,0.7151741293532337,False
Qwen/Qwen2.5-7B-Instruct-AWQ,b25037543e9394b818fdfca67ab2a00ecc7dd641,gsm8k,A,substitute,keyboard_neighbor,anywhere,8,24,17,4,2,1,0.875,0.7916666666666666,0.08333333333333337,-0.08333333333333337,0.29166666666666674,BCa,0.19047619047619047,0.9047619047619048,0.25,0.453125,exact_midp,0.25,0.0,0,0.08333333333333337,0.453125,bh_fdr_exploratory,0.7151741293532337,False
Qwen/Qwen2.5-7B-Instruct-AWQ,b25037543e9394b818fdfca67ab2a00ecc7dd641,gsm8k,A,substitute,keyboard_neighbor,content,1,24,21,0,1,2,0.875,0.9166666666666666,-0.04166666666666663,-0.16666666666666674,0.0,BCa,0.0,1.0476190476190477,0.041666666666666664,0.4999999999999999,exact_midp,0.041666666666666664,0.0,0,-0.04166666666666663,0.4999999999999999,bh_fdr_exploratory,0.7151741293532337,False
Qwen/Qwen2.5-7B-Instruct-AWQ,b25037543e9394b818fdfca67ab2a00ecc7dd641,gsm8k,A,substitute,keyboard_neighbor,content,2,24,20,1,2,1,0.875,0.9166666666666666,-0.04166666666666663,-0.16666666666666674,0.08333333333333337,BCa,0.047619047619047616,1.0476190476190477,0.125,0.6249999999999999,exact_midp,0.125,0.0,0,-0.04166666666666663,0.6249999999999999,bh_fdr_exploratory,0.7274797570850203,False
Qwen/Qwen2.5-7B-Instruct-AWQ,b25037543e9394b818fdfca67ab2a00ecc7dd641,gsm8k,A,substitute,keyboard_neighbor,content,4,24,21,0,2,1,0.875,0.9583333333333334,-0.08333333333333337,-0.29166666666666663,0.0,BCa,0.0,1.0952380952380953,0.08333333333333333,0.25,exact_midp,0.125,0.0,0,-0.08333333333333337,0.25,bh_fdr_exploratory,0.7151741293532337,False
Qwen/Qwen2.5-7B-Instruct-AWQ,b25037543e9394b818fdfca67ab2a00ecc7dd641,gsm8k,A,transpose,keyboard_neighbor,anywhere,1,24,21,0,0,3,0.875,0.875,0.0,0.0,0.0,percentile,0.0,1.0,0.0,1.0,exact_midp,0.0,0.0,0,0.0,1.0,bh_fdr_exploratory,1.0,False
Qwen/Qwen2.5-7B-Instruct-AWQ,b25037543e9394b818fdfca67ab2a00ecc7dd641,gsm8k,A,transpose,keyboard_neighbor,anywhere,2,24,19,2,0,3,0.875,0.7916666666666666,0.08333333333333337,0.0,0.29166666666666674,BCa,0.09523809523809523,0.9047619047619048,0.08333333333333333,0.25,exact_midp,0.16666666666666666,0.0,0,0.08333333333333337,0.25,bh_fdr_exploratory,0.7151741293532337,False
Qwen/Qwen2.5-7B-Instruct-AWQ,b25037543e9394b818fdfca67ab2a00ecc7dd641,gsm8k,A,transpose,keyboard_neighbor,anywhere,4,24,21,0,2,1,0.875,0.9583333333333334,-0.08333333333333337,-0.29166666666666663,0.0,BCa,0.0,1.0952380952380953,0.08333333333333333,0.25,exact_midp,0.08333333333333333,0.0,0,-0.08333333333333337,0.25,bh_fdr_exploratory,0.7151741293532337,False
Qwen/Qwen2.5-7B-Instruct-AWQ,b25037543e9394b818fdfca67ab2a00ecc7dd641,gsm8k,B,substitute,homophone,anywhere,1,24,20,1,0,3,0.875,0.8333333333333334,0.04166666666666663,0.0,0.16666666666666674,BCa,0.047619047619047616,0.9523809523809524,0.041666666666666664,0.4999999999999999,exact_midp,0.125,0.0,0,0.04166666666666663,0.4999999999999999,bh_fdr_exploratory,0.7151741293532337,False
Qwen/Qwen2.5-7B-Instruct-AWQ,b25037543e9394b818fdfca67ab2a00ecc7dd641,gsm8k,B,substitute,homophone,anywhere,2,24,20,1,1,2,0.875,0.875,0.0,-0.125,0.125,BCa,0.047619047619047616,1.0,0.08333333333333333,0.4999999999999998,exact_midp,0.125,0.0,0,0.0,0.4999999999999998,bh_fdr_exploratory,0.7151741293532337,False
Qwen/Qwen2.5-7B-Instruct-AWQ,b25037543e9394b818fdfca67ab2a00ecc7dd641,gsm8k,B,substitute,real_word,anywhere,2,24,20,1,1,2,0.875,0.875,0.0,-0.125,0.125,BCa,0.047619047619047616,1.0,0.08333333333333333,0.4999999999999998,exact_midp,0.16666666666666666,0.0,0,0.0,0.4999999999999998,bh_fdr_exploratory,0.7151741293532337,False
Qwen/Qwen2.5-7B-Instruct-AWQ,b25037543e9394b818fdfca67ab2a00ecc7dd641,gsm8k,B,substitute,real_word,anywhere,3,24,19,2,2,1,0.875,0.875,0.0,-0.16666666666666674,0.16666666666666663,BCa,0.09523809523809523,1.0,0.16666666666666666,0.625,exact_midp,0.20833333333333334,0.0,0,0.0,0.625,bh_fdr_exploratory,0.7274797570850203,False
Qwen/Qwen2.5-7B-Instruct-AWQ,b25037543e9394b818fdfca67ab2a00ecc7dd641,gsm8k,B,substitute,real_word,anywhere,4,24,17,4,0,3,0.875,0.7083333333333334,0.16666666666666663,0.04166666666666663,0.33333333333333337,BCa,0.19047619047619047,0.8095238095238095,0.16666666666666666,0.062499999999999986,exact_midp,0.25,0.0,0,0.16666666666666663,0.062499999999999986,bh_fdr_exploratory,0.7151741293532337,False
Qwen/Qwen2.5-7B-Instruct-AWQ,b25037543e9394b818fdfca67ab2a00ecc7dd641,gsm_symbolic_official,A,delete,keyboard_neighbor,anywhere,1,24,18,1,0,5,0.7916666666666666,0.75,0.04166666666666663,0.0,0.16666666666666674,BCa,0.05263157894736842,0.9473684210526316,0.041666666666666664,0.4999999999999999,exact_midp,0.16666666666666666,0.0,0,0.04166666666666663,0.4999999999999999,bh_fdr_exploratory,0.7151741293532337,False
Qwen/Qwen2.5-7B-Instruct-AWQ,b25037543e9394b818fdfca67ab2a00ecc7dd641,gsm_symbolic_official,A,delete,keyboard_neighbor,anywhere,2,24,18,1,1,4,0.7916666666666666,0.7916666666666666,0.0,-0.125,0.125,BCa,0.05263157894736842,1.0,0.08333333333333333,0.4999999999999998,exact_midp,0.25,0.0,0,0.0,0.4999999999999998,bh_fdr_exploratory,0.7151741293532337,False
Qwen/Qwen2.5-7B-Instruct-AWQ,b25037543e9394b818fdfca67ab2a00ecc7dd641,gsm_symbolic_official,A,delete,keyboard_neighbor,anywhere,4,24,16,3,1,4,0.7916666666666666,0.7083333333333334,0.08333333333333326,-0.08333333333333337,0.20833333333333337,BCa,0.15789473684210525,0.8947368421052633,0.16666666666666666,0.375,exact_midp,0.2916666666666667,0.0,0,0.08333333333333326,0.375,bh_fdr_exploratory,0.7151741293532337,False
Qwen/Qwen2.5-7B-Instruct-AWQ,b25037543e9394b818fdfca67ab2a00ecc7dd641,gsm_symbolic_official,A,delete,whitespace,anywhere,1,24,18,1,0,5,0.7916666666666666,0.75,0.04166666666666663,0.0,0.19793001910844998,BCa,0.05263157894736842,0.9473684210526316,0.041666666666666664,0.4999999999999999,exact_midp,0.20833333333333334,0.0,0,0.04166666666666663,0.4999999999999999,bh_fdr_exploratory,0.7151741293532337,False
Qwen/Qwen2.5-7B-Instruct-AWQ,b25037543e9394b818fdfca67ab2a00ecc7dd641,gsm_symbolic_official,A,delete,whitespace,anywhere,2,24,18,1,3,2,0.7916666666666666,0.875,-0.08333333333333337,-0.29166666666666663,0.04166666666666674,BCa,0.05263157894736842,1.105263157894737,0.16666666666666666,0.375,exact_midp,0.16666666666666666,0.0,0,-0.08333333333333337,0.375,bh_fdr_exploratory,0.7151741293532337,False
Qwen/Qwen2.5-7B-Instruct-AWQ,b25037543e9394b818fdfca67ab2a00ecc7dd641,gsm_symbolic_official,A,insert,filler_word,anywhere,1,24,16,3,1,4,0.7916666666666666,0.7083333333333334,0.08333333333333326,-0.08333333333333337,0.20833333333333337,BCa,0.15789473684210525,0.8947368421052633,0.16666666666666666,0.375,exact_midp,0.2916666666666667,0.0,0,0.08333333333333326,0.375,bh_fdr_exploratory,0.7151741293532337,False
Qwen/Qwen2.5-7B-Instruct-AWQ,b25037543e9394b818fdfca67ab2a00ecc7dd641,gsm_symbolic_official,A,insert,filler_word,anywhere,2,24,19,0,1,4,0.7916666666666666,0.8333333333333334,-0.04166666666666674,-0.29166666666666674,0.0,BCa,0.0,1.0526315789473686,0.041666666666666664,0.4999999999999999,exact_midp,0.16666666666666666,0.0,0,-0.04166666666666674,0.4999999999999999,bh_fdr_exploratory,0.7151741293532337,False
Qwen/Qwen2.5-7B-Instruct-AWQ,b25037543e9394b818fdfca67ab2a00ecc7dd641,gsm_symbolic_official,A,insert,keyboard_neighbor,anywhere,1,24,18,1,1,4,0.7916666666666666,0.7916666666666666,0.0,-0.125,0.125,BCa,0.05263157894736842,1.0,0.08333333333333333,0.4999999999999998,exact_midp,0.16666666666666666,0.0,0,0.0,0.4999999999999998,bh_fdr_exploratory,0.7151741293532337,False
Qwen/Qwen2.5-7B-Instruct-AWQ,b25037543e9394b818fdfca67ab2a00ecc7dd641,gsm_symbolic_official,A,insert,keyboard_neighbor,anywhere,2,24,16,3,2,3,0.7916666666666666,0.75,0.04166666666666663,-0.16666666666666663,0.20833333333333337,BCa,0.15789473684210525,0.9473684210526316,0.20833333333333334,0.6875000000000002,exact_midp,0.20833333333333334,0.0,0,0.04166666666666663,0.6875000000000002,bh_fdr_exploratory,0.7661094961240312,False
Qwen/Qwen2.5-7B-Instruct-AWQ,b25037543e9394b818fdfca67ab2a00ecc7dd641,gsm_symbolic_official,A,insert,keyboard_neighbor,anywhere,4,24,17,2,0,5,0.7916666666666666,0.7083333333333334,0.08333333333333326,0.0,0.20833333333333337,BCa,0.10526315789473684,0.8947368421052633,0.08333333333333333,0.25,exact_midp,0.16666666666666666,0.0,0,0.08333333333333326,0.25,bh_fdr_exploratory,0.7151741293532337,False
Qwen/Qwen2.5-7B-Instruct-AWQ,b25037543e9394b818fdfca67ab2a00ecc7dd641,gsm_symbolic_official,A,substitute,fragmentation_matched,anywhere,1,42,30,2,1,9,0.7619047619047619,0.7380952380952381,0.023809523809523725,-0.0714285714285714,0.09523809523809523,BCa,0.0625,0.9687500000000001,0.07142857142857142,0.6249999999999999,exact_midp,0.19047619047619047,0.0,0,0.023809523809523725,0.6249999999999999,bh_fdr_exploratory,0.7274797570850203,False
Qwen/Qwen2.5-7B-Instruct-AWQ,b25037543e9394b818fdfca67ab2a00ecc7dd641,gsm_symbolic_official,A,substitute,fragmentation_matched,anywhere,2,46,29,7,2,8,0.782608695652174,0.6739130434782609,0.10869565217391308,0.0,0.26086956521739124,BCa,0.19444444444444445,0.861111111111111,0.1956521739130435,0.10937499999999999,exact_midp,0.32608695652173914,0.0,0,0.10869565217391308,0.10937499999999999,bh_fdr_exploratory,0.7151741293532337,False
Qwen/Qwen2.5-7B-Instruct-AWQ,b25037543e9394b818fdfca67ab2a00ecc7dd641,gsm_symbolic_official,A,substitute,informative_word,answer_critical,1,24,18,1,1,4,0.7916666666666666,0.7916666666666666,0.0,-0.125,0.125,BCa,0.05263157894736842,1.0,0.08333333333333333,0.4999999999999998,exact_midp,0.20833333333333334,0.0,0,0.0,0.4999999999999998,bh_fdr_exploratory,0.7151741293532337,False
Qwen/Qwen2.5-7B-Instruct-AWQ,b25037543e9394b818fdfca67ab2a00ecc7dd641,gsm_symbolic_official,A,substitute,informative_word,answer_critical,2,24,17,2,1,4,0.7916666666666666,0.75,0.04166666666666663,-0.08333333333333337,0.16666666666666674,BCa,0.10526315789473684,0.9473684210526316,0.125,0.6249999999999999,exact_midp,0.2916666666666667,0.0,0,0.04166666666666663,0.6249999999999999,bh_fdr_exploratory,0.7274797570850203,False
Qwen/Qwen2.5-7B-Instruct-AWQ,b25037543e9394b818fdfca67ab2a00ecc7dd641,gsm_symbolic_official,A,substitute,keyboard_neighbor,anywhere,1,24,16,3,1,4,0.7916666666666666,0.7083333333333334,0.08333333333333326,-0.08333333333333337,0.25,BCa,0.15789473684210525,0.8947368421052633,0.16666666666666666,0.375,exact_midp,0.25,0.0,0,0.08333333333333326,0.375,bh_fdr_exploratory,0.7151741293532337,False
Qwen/Qwen2.5-7B-Instruct-AWQ,b25037543e9394b818fdfca67ab2a00ecc7dd641,gsm_symbolic_official,A,substitute,keyboard_neighbor,anywhere,2,24,18,1,3,2,0.7916666666666666,0.875,-0.08333333333333337,-0.29166666666666663,0.04166666666666663,BCa,0.05263157894736842,1.105263157894737,0.16666666666666666,0.375,exact_midp,0.20833333333333334,0.0,0,-0.08333333333333337,0.375,holm_within_model_primary,0.75,False
Qwen/Qwen2.5-7B-Instruct-AWQ,b25037543e9394b818fdfca67ab2a00ecc7dd641,gsm_symbolic_official,A,substitute,keyboard_neighbor,anywhere,4,24,19,0,1,4,0.7916666666666666,0.8333333333333334,-0.04166666666666674,-0.25,0.0,BCa,0.0,1.0526315789473686,0.041666666666666664,0.4999999999999999,exact_midp,0.125,0.0,0,-0.04166666666666674,0.4999999999999999,bh_fdr_exploratory,0.7151741293532337,False
Qwen/Qwen2.5-7B-Instruct-AWQ,b25037543e9394b818fdfca67ab2a00ecc7dd641,gsm_symbolic_official,A,substitute,keyboard_neighbor,anywhere,8,24,16,3,2,3,0.7916666666666666,0.75,0.04166666666666663,-0.16666666666666663,0.20833333333333337,BCa,0.15789473684210525,0.9473684210526316,0.20833333333333334,0.6875000000000002,exact_midp,0.20833333333333334,0.0,0,0.04166666666666663,0.6875000000000002,bh_fdr_exploratory,0.7661094961240312,False
Qwen/Qwen2.5-7B-Instruct-AWQ,b25037543e9394b818fdfca67ab2a00ecc7dd641,gsm_symbolic_official,A,substitute,keyboard_neighbor,content,1,24,18,1,2,3,0.7916666666666666,0.8333333333333334,-0.04166666666666674,-0.25,0.04166666666666674,BCa,0.05263157894736842,1.0526315789473686,0.125,0.6249999999999999,exact_midp,0.20833333333333334,0.0,0,-0.04166666666666674,0.6249999999999999,bh_fdr_exploratory,0.7274797570850203,False
Qwen/Qwen2.5-7B-Instruct-AWQ,b25037543e9394b818fdfca67ab2a00ecc7dd641,gsm_symbolic_official,A,substitute,keyboard_neighbor,content,2,24,17,2,1,4,0.7916666666666666,0.75,0.04166666666666663,-0.08333333333333337,0.16666666666666674,BCa,0.10526315789473684,0.9473684210526316,0.125,0.6249999999999999,exact_midp,0.20833333333333334,0.0,0,0.04166666666666663,0.6249999999999999,bh_fdr_exploratory,0.7274797570850203,False
Qwen/Qwen2.5-7B-Instruct-AWQ,b25037543e9394b818fdfca67ab2a00ecc7dd641,gsm_symbolic_official,A,substitute,keyboard_neighbor,content,4,24,14,5,2,3,0.7916666666666666,0.6666666666666666,0.125,-0.08333333333333337,0.33333333333333337,BCa,0.2631578947368421,0.8421052631578947,0.2916666666666667,0.2890625,exact_midp,0.4166666666666667,0.0,0,0.125,0.2890625,bh_fdr_exploratory,0.7151741293532337,False
Qwen/Qwen2.5-7B-Instruct-AWQ,b25037543e9394b818fdfca67ab2a00ecc7dd641,gsm_symbolic_official,A,transpose,keyboard_neighbor,anywhere,1,24,19,0,1,4,0.7916666666666666,0.8333333333333334,-0.04166666666666674,-0.25,0.0,BCa,0.0,1.0526315789473686,0.041666666666666664,0.4999999999999999,exact_midp,0.125,0.0,0,-0.04166666666666674,0.4999999999999999,bh_fdr_exploratory,0.7151741293532337,False
Qwen/Qwen2.5-7B-Instruct-AWQ,b25037543e9394b818fdfca67ab2a00ecc7dd641,gsm_symbolic_official,A,transpose,keyboard_neighbor,anywhere,2,24,17,2,1,4,0.7916666666666666,0.75,0.04166666666666663,-0.08333333333333337,0.16666666666666674,BCa,0.10526315789473684,0.9473684210526316,0.125,0.6249999999999999,exact_midp,0.20833333333333334,0.0,0,0.04166666666666663,0.6249999999999999,bh_fdr_exploratory,0.7274797570850203,False
Qwen/Qwen2.5-7B-Instruct-AWQ,b25037543e9394b818fdfca67ab2a00ecc7dd641,gsm_symbolic_official,A,transpose,keyboard_neighbor,anywhere,4,24,18,1,1,4,0.7916666666666666,0.7916666666666666,0.0,-0.125,0.125,BCa,0.05263157894736842,1.0,0.08333333333333333,0.4999999999999998,exact_midp,0.16666666666666666,0.0,0,0.0,0.4999999999999998,bh_fdr_exploratory,0.7151741293532337,False
Qwen/Qwen2.5-7B-Instruct-AWQ,b25037543e9394b818fdfca67ab2a00ecc7dd641,gsm_symbolic_official,B,substitute,homophone,anywhere,1,24,17,2,1,4,0.7916666666666666,0.75,0.04166666666666663,-0.08333333333333337,0.16666666666666674,BCa,0.10526315789473684,0.9473684210526316,0.125,0.6249999999999999,exact_midp,0.20833333333333334,0.0,0,0.04166666666666663,0.6249999999999999,bh_fdr_exploratory,0.7274797570850203,False
Qwen/Qwen2.5-7B-Instruct-AWQ,b25037543e9394b818fdfca67ab2a00ecc7dd641,gsm_symbolic_official,B,substitute,homophone,anywhere,2,24,17,2,3,2,0.7916666666666666,0.8333333333333334,-0.04166666666666674,-0.25,0.125,BCa,0.10526315789473684,1.0526315789473686,0.20833333333333334,0.6875000000000002,exact_midp,0.25,0.0,0,-0.04166666666666674,0.6875000000000002,bh_fdr_exploratory,0.7661094961240312,False
Qwen/Qwen2.5-7B-Instruct-AWQ,b25037543e9394b818fdfca67ab2a00ecc7dd641,gsm_symbolic_official,B,substitute,real_word,anywhere,2,24,14,5,1,4,0.7916666666666666,0.625,0.16666666666666663,-0.04166666666666663,0.33333333333333337,BCa,0.2631578947368421,0.7894736842105263,0.25,0.12499999999999997,exact_midp,0.3333333333333333,0.0,0,0.16666666666666663,0.12499999999999997,bh_fdr_exploratory,0.7151741293532337,False
Qwen/Qwen2.5-7B-Instruct-AWQ,b25037543e9394b818fdfca67ab2a00ecc7dd641,gsm_symbolic_official,B,substitute,real_word,anywhere,3,24,15,4,0,5,0.7916666666666666,0.625,0.16666666666666663,0.04166666666666663,0.33333333333333337,BCa,0.21052631578947367,0.7894736842105263,0.16666666666666666,0.062499999999999986,exact_midp,0.3333333333333333,0.0,0,0.16666666666666663,0.062499999999999986,bh_fdr_exploratory,0.7151741293532337,False
Qwen/Qwen2.5-7B-Instruct-AWQ,b25037543e9394b818fdfca67ab2a00ecc7dd641,gsm_symbolic_official,B,substitute,real_word,anywhere,4,24,16,3,3,2,0.7916666666666666,0.7916666666666666,0.0,-0.20833333333333337,0.20833333333333326,BCa,0.15789473684210525,1.0,0.25,0.6875000000000002,exact_midp,0.3333333333333333,0.0,0,0.0,0.6875000000000002,bh_fdr_exploratory,0.7661094961240312,False
Qwen/Qwen2.5-7B-Instruct-AWQ,b25037543e9394b818fdfca67ab2a00ecc7dd641,gsm_symbolic_official,C,substitute,keyboard_neighbor,anywhere,0,16,8,5,2,1,0.8125,0.625,0.1875,-0.125,0.5,BCa,0.38461538461538464,0.7692307692307693,0.4375,0.2890625,exact_midp,1.0,0.0,0,0.1875,0.2890625,bh_fdr_exploratory,0.7151741293532337,False
Qwen/Qwen2.5-7B-Instruct-AWQ,b25037543e9394b818fdfca67ab2a00ecc7dd641,mmlu,A,delete,keyboard_neighbor,anywhere,1,24,14,3,0,7,0.7083333333333334,0.5833333333333334,0.125,0.04166666666666663,0.29166666666666674,BCa,0.17647058823529413,0.8235294117647058,0.125,0.125,exact_midp,0.125,0.0,0,0.125,0.125,bh_fdr_exploratory,0.7151741293532337,False
Qwen/Qwen2.5-7B-Instruct-AWQ,b25037543e9394b818fdfca67ab2a00ecc7dd641,mmlu,A,delete,keyboard_neighbor,anywhere,2,24,14,3,0,7,0.7083333333333334,0.5833333333333334,0.125,0.04166666666666663,0.29166666666666674,BCa,0.17647058823529413,0.8235294117647058,0.125,0.125,exact_midp,0.16666666666666666,0.0,0,0.125,0.125,bh_fdr_exploratory,0.7151741293532337,False
Qwen/Qwen2.5-7B-Instruct-AWQ,b25037543e9394b818fdfca67ab2a00ecc7dd641,mmlu,A,delete,keyboard_neighbor,anywhere,4,24,15,2,0,7,0.7083333333333334,0.625,0.08333333333333337,0.0,0.29166666666666674,BCa,0.11764705882352941,0.8823529411764706,0.08333333333333333,0.25,exact_midp,0.08333333333333333,0.0,0,0.08333333333333337,0.25,bh_fdr_exploratory,0.7151741293532337,False
Qwen/Qwen2.5-7B-Instruct-AWQ,b25037543e9394b818fdfca67ab2a00ecc7dd641,mmlu,A,delete,whitespace,anywhere,1,24,17,0,0,7,0.7083333333333334,0.7083333333333334,0.0,0.0,0.0,percentile,0.0,1.0,0.0,1.0,exact_midp,0.041666666666666664,0.0,0,0.0,1.0,bh_fdr_exploratory,1.0,False
Qwen/Qwen2.5-7B-Instruct-AWQ,b25037543e9394b818fdfca67ab2a00ecc7dd641,mmlu,A,delete,whitespace,anywhere,2,24,16,1,1,6,0.7083333333333334,0.7083333333333334,0.0,-0.125,0.125,BCa,0.058823529411764705,1.0,0.08333333333333333,0.4999999999999998,exact_midp,0.125,0.0,0,0.0,0.4999999999999998,bh_fdr_exploratory,0.7151741293532337,False
Qwen/Qwen2.5-7B-Instruct-AWQ,b25037543e9394b818fdfca67ab2a00ecc7dd641,mmlu,A,insert,filler_word,anywhere,1,24,16,1,0,7,0.7083333333333334,0.6666666666666666,0.04166666666666674,0.0,0.25,BCa,0.058823529411764705,0.9411764705882352,0.041666666666666664,0.4999999999999999,exact_midp,0.041666666666666664,0.0,0,0.04166666666666674,0.4999999999999999,bh_fdr_exploratory,0.7151741293532337,False
Qwen/Qwen2.5-7B-Instruct-AWQ,b25037543e9394b818fdfca67ab2a00ecc7dd641,mmlu,A,insert,filler_word,anywhere,2,24,15,2,1,6,0.7083333333333334,0.6666666666666666,0.04166666666666674,-0.04166666666666674,0.20833333333333337,BCa,0.11764705882352941,0.9411764705882352,0.125,0.6249999999999999,exact_midp,0.16666666666666666,0.0,0,0.04166666666666674,0.6249999999999999,bh_fdr_exploratory,0.7274797570850203,False
Qwen/Qwen2.5-7B-Instruct-AWQ,b25037543e9394b818fdfca67ab2a00ecc7dd641,mmlu,A,insert,keyboard_neighbor,anywhere,1,24,14,3,0,7,0.7083333333333334,0.5833333333333334,0.125,0.04166666666666663,0.29166666666666674,BCa,0.17647058823529413,0.8235294117647058,0.125,0.125,exact_midp,0.16666666666666666,0.0,0,0.125,0.125,bh_fdr_exploratory,0.7151741293532337,False
Qwen/Qwen2.5-7B-Instruct-AWQ,b25037543e9394b818fdfca67ab2a00ecc7dd641,mmlu,A,insert,keyboard_neighbor,anywhere,2,24,14,3,1,6,0.7083333333333334,0.625,0.08333333333333337,-0.04166666666666674,0.29166666666666663,BCa,0.17647058823529413,0.8823529411764706,0.16666666666666666,0.375,exact_midp,0.20833333333333334,0.0,0,0.08333333333333337,0.375,bh_fdr_exploratory,0.7151741293532337,False
Qwen/Qwen2.5-7B-Instruct-AWQ,b25037543e9394b818fdfca67ab2a00ecc7dd641,mmlu,A,insert,keyboard_neighbor,anywhere,4,24,15,2,0,7,0.7083333333333334,0.625,0.08333333333333337,0.0,0.2916666666666667,BCa,0.11764705882352941,0.8823529411764706,0.08333333333333333,0.25,exact_midp,0.16666666666666666,0.0,0,0.08333333333333337,0.25,bh_fdr_exploratory,0.7151741293532337,False
Qwen/Qwen2.5-7B-Instruct-AWQ,b25037543e9394b818fdfca67ab2a00ecc7dd641,mmlu,A,substitute,fragmentation_matched,anywhere,1,40,25,3,1,11,0.7,0.65,0.04999999999999993,-0.050000000000000044,0.15000000000000002,BCa,0.10714285714285714,0.9285714285714287,0.1,0.375,exact_midp,0.125,0.0,0,0.04999999999999993,0.375,bh_fdr_exploratory,0.7151741293532337,False
Qwen/Qwen2.5-7B-Instruct-AWQ,b25037543e9394b818fdfca67ab2a00ecc7dd641,mmlu,A,substitute,fragmentation_matched,anywhere,2,40,25,5,0,10,0.75,0.625,0.125,0.04999999999999993,0.25,BCa,0.16666666666666666,0.8333333333333334,0.125,0.03125000000000003,exact_midp,0.125,0.0,0,0.125,0.03125000000000003,bh_fdr_exploratory,0.7151741293532337,False
Qwen/Qwen2.5-7B-Instruct-AWQ,b25037543e9394b818fdfca67ab2a00ecc7dd641,mmlu,A,substitute,informative_word,answer_critical,1,24,15,2,0,7,0.7083333333333334,0.625,0.08333333333333337,0.0,0.2916666666666667,BCa,0.11764705882352941,0.8823529411764706,0.08333333333333333,0.25,exact_midp,0.08333333333333333,0.0,0,0.08333333333333337,0.25,bh_fdr_exploratory,0.7151741293532337,False
Qwen/Qwen2.5-7B-Instruct-AWQ,b25037543e9394b818fdfca67ab2a00ecc7dd641,mmlu,A,substitute,informative_word,answer_critical,2,24,15,2,1,6,0.7083333333333334,0.6666666666666666,0.04166666666666674,-0.04166666666666674,0.20833333333333337,BCa,0.11764705882352941,0.9411764705882352,0.125,0.6249999999999999,exact_midp,0.125,0.0,0,0.04166666666666674,0.6249999999999999,bh_fdr_exploratory,0.7274797570850203,False
Qwen/Qwen2.5-7B-Instruct-AWQ,b25037543e9394b818fdfca67ab2a00ecc7dd641,mmlu,A,substitute,keyboard_neighbor,anywhere,1,24,15,2,0,7,0.7083333333333334,0.625,0.08333333333333337,0.0,0.2916666666666667,BCa,0.11764705882352941,0.8823529411764706,0.08333333333333333,0.25,exact_midp,0.16666666666666666,0.0,0,0.08333333333333337,0.25,bh_fdr_exploratory,0.7151741293532337,False
Qwen/Qwen2.5-7B-Instruct-AWQ,b25037543e9394b818fdfca67ab2a00ecc7dd641,mmlu,A,substitute,keyboard_neighbor,anywhere,2,24,15,2,1,6,0.7083333333333334,0.6666666666666666,0.04166666666666674,-0.08333333333333326,0.20833333333333337,BCa,0.11764705882352941,0.9411764705882352,0.125,0.6249999999999999,exact_midp,0.125,0.0,0,0.04166666666666674,0.6249999999999999,bh_fdr_exploratory,0.7274797570850203,False
Qwen/Qwen2.5-7B-Instruct-AWQ,b25037543e9394b818fdfca67ab2a00ecc7dd641,mmlu,A,substitute,keyboard_neighbor,anywhere,4,24,12,5,1,6,0.7083333333333334,0.5416666666666666,0.16666666666666674,0.0,0.41666666666666663,BCa,0.29411764705882354,0.7647058823529411,0.25,0.12499999999999997,exact_midp,0.2916666666666667,0.0,0,0.16666666666666674,0.12499999999999997,holm_within_model_primary,0.4999999999999999,False
Qwen/Qwen2.5-7B-Instruct-AWQ,b25037543e9394b818fdfca67ab2a00ecc7dd641,mmlu,A,substitute,keyboard_neighbor,anywhere,8,24,12,5,1,6,0.7083333333333334,0.5416666666666666,0.16666666666666674,0.0,0.39972804713609855,BCa,0.29411764705882354,0.7647058823529411,0.25,0.12499999999999997,exact_midp,0.3333333333333333,0.0,0,0.16666666666666674,0.12499999999999997,bh_fdr_exploratory,0.7151741293532337,False
Qwen/Qwen2.5-7B-Instruct-AWQ,b25037543e9394b818fdfca67ab2a00ecc7dd641,mmlu,A,substitute,keyboard_neighbor,content,1,24,16,1,1,6,0.7083333333333334,0.7083333333333334,0.0,-0.125,0.125,BCa,0.058823529411764705,1.0,0.08333333333333333,0.4999999999999998,exact_midp,0.08333333333333333,0.0,0,0.0,0.4999999999999998,bh_fdr_exploratory,0.7151741293532337,False
Qwen/Qwen2.5-7B-Instruct-AWQ,b25037543e9394b818fdfca67ab2a00ecc7dd641,mmlu,A,substitute,keyboard_neighbor,content,2,24,14,3,0,7,0.7083333333333334,0.5833333333333334,0.125,0.04166666666666663,0.29166666666666674,BCa,0.17647058823529413,0.8235294117647058,0.125,0.125,exact_midp,0.25,0.0,0,0.125,0.125,bh_fdr_exploratory,0.7151741293532337,False
Qwen/Qwen2.5-7B-Instruct-AWQ,b25037543e9394b818fdfca67ab2a00ecc7dd641,mmlu,A,substitute,keyboard_neighbor,content,4,24,13,4,0,7,0.7083333333333334,0.5416666666666666,0.16666666666666674,0.08333333333333326,0.37500000000000006,BCa,0.23529411764705882,0.7647058823529411,0.16666666666666666,0.062499999999999986,exact_midp,0.16666666666666666,0.0,0,0.16666666666666674,0.062499999999999986,bh_fdr_exploratory,0.7151741293532337,False
Qwen/Qwen2.5-7B-Instruct-AWQ,b25037543e9394b818fdfca67ab2a00ecc7dd641,mmlu,A,transpose,keyboard_neighbor,anywhere,1,24,17,0,1,6,0.7083333333333334,0.75,-0.04166666666666663,-0.16666666666666674,0.0,BCa,0.0,1.0588235294117647,0.041666666666666664,0.4999999999999999,exact_midp,0.08333333333333333,0.0,0,-0.04166666666666663,0.4999999999999999,bh_fdr_exploratory,0.7151741293532337,False
Qwen/Qwen2.5-7B-Instruct-AWQ,b25037543e9394b818fdfca67ab2a00ecc7dd641,mmlu,A,transpose,keyboard_neighbor,anywhere,2,24,14,3,1,6,0.7083333333333334,0.625,0.08333333333333337,-0.04166666666666674,0.29166666666666663,BCa,0.17647058823529413,0.8823529411764706,0.16666666666666666,0.375,exact_midp,0.20833333333333334,0.0,0,0.08333333333333337,0.375,bh_fdr_exploratory,0.7151741293532337,False
Qwen/Qwen2.5-7B-Instruct-AWQ,b25037543e9394b818fdfca67ab2a00ecc7dd641,mmlu,A,transpose,keyboard_neighbor,anywhere,4,24,16,1,1,6,0.7083333333333334,0.7083333333333334,0.0,-0.125,0.125,BCa,0.058823529411764705,1.0,0.08333333333333333,0.4999999999999998,exact_midp,0.16666666666666666,0.0,0,0.0,0.4999999999999998,bh_fdr_exploratory,0.7151741293532337,False
Qwen/Qwen2.5-7B-Instruct-AWQ,b25037543e9394b818fdfca67ab2a00ecc7dd641,mmlu,B,substitute,homophone,anywhere,1,23,15,1,1,6,0.6956521739130435,0.6956521739130435,0.0,-0.13043478260869568,0.13043478260869568,BCa,0.0625,1.0,0.08695652173913043,0.4999999999999998,exact_midp,0.08695652173913043,0.0,0,0.0,0.4999999999999998,bh_fdr_exploratory,0.7151741293532337,False
Qwen/Qwen2.5-7B-Instruct-AWQ,b25037543e9394b818fdfca67ab2a00ecc7dd641,mmlu,B,substitute,homophone,anywhere,2,22,13,2,1,6,0.6818181818181818,0.6363636363636364,0.045454545454545414,-0.09090909090909094,0.18181818181818188,BCa,0.13333333333333333,0.9333333333333333,0.13636363636363635,0.6249999999999999,exact_midp,0.18181818181818182,0.0,0,0.045454545454545414,0.6249999999999999,bh_fdr_exploratory,0.7274797570850203,False
Qwen/Qwen2.5-7B-Instruct-AWQ,b25037543e9394b818fdfca67ab2a00ecc7dd641,mmlu,B,substitute,real_word,anywhere,2,24,14,3,0,7,0.7083333333333334,0.5833333333333334,0.125,0.04166666666666663,0.29166666666666674,BCa,0.17647058823529413,0.8235294117647058,0.125,0.125,exact_midp,0.25,0.0,0,0.125,0.125,bh_fdr_exploratory,0.7151741293532337,False
Qwen/Qwen2.5-7B-Instruct-AWQ,b25037543e9394b818fdfca67ab2a00ecc7dd641,mmlu,B,substitute,real_word,anywhere,3,24,13,4,0,7,0.7083333333333334,0.5416666666666666,0.16666666666666674,0.08333333333333326,0.41666666666666663,BCa,0.23529411764705882,0.7647058823529411,0.16666666666666666,0.062499999999999986,exact_midp,0.20833333333333334,0.0,0,0.16666666666666674,0.062499999999999986,bh_fdr_exploratory,0.7151741293532337,False
Qwen/Qwen2.5-7B-Instruct-AWQ,b25037543e9394b818fdfca67ab2a00ecc7dd641,mmlu,B,substitute,real_word,anywhere,4,24,11,6,0,7,0.7083333333333334,0.4583333333333333,0.25000000000000006,0.125,0.49999999999999994,BCa,0.35294117647058826,0.6470588235294117,0.25,0.015624999999999879,exact_midp,0.375,0.0,0,0.25000000000000006,0.015624999999999879,bh_fdr_exploratory,0.7151741293532337,False
Qwen/Qwen2.5-7B-Instruct-AWQ,b25037543e9394b818fdfca67ab2a00ecc7dd641,mmlu,C,substitute,keyboard_neighbor,anywhere,0,24,13,4,2,5,0.7083333333333334,0.625,0.08333333333333337,-0.08333333333333337,0.29166666666666674,BCa,0.23529411764705882,0.8823529411764706,0.25,0.453125,exact_midp,0.875,0.0,0,0.08333333333333337,0.453125,bh_fdr_exploratory,0.7151741293532337,False
Qwen/Qwen2.5-7B-Instruct-AWQ,b25037543e9394b818fdfca67ab2a00ecc7dd641,mmlu_pro,A,delete,keyboard_neighbor,anywhere,1,24,6,0,1,17,0.25,0.2916666666666667,-0.041666666666666685,-0.25,0.0,BCa,0.0,1.1666666666666667,0.041666666666666664,0.4999999999999999,exact_midp,0.125,0.041666666666666664,0,-0.043478260869565244,0.4999999999999999,bh_fdr_exploratory,0.7151741293532337,False
Qwen/Qwen2.5-7B-Instruct-AWQ,b25037543e9394b818fdfca67ab2a00ecc7dd641,mmlu_pro,A,delete,keyboard_neighbor,anywhere,2,24,6,0,1,17,0.25,0.2916666666666667,-0.041666666666666685,-0.25,0.0,BCa,0.0,1.1666666666666667,0.041666666666666664,0.4999999999999999,exact_midp,0.125,0.041666666666666664,0,-0.043478260869565244,0.4999999999999999,bh_fdr_exploratory,0.7151741293532337,False
Qwen/Qwen2.5-7B-Instruct-AWQ,b25037543e9394b818fdfca67ab2a00ecc7dd641,mmlu_pro,A,delete,keyboard_neighbor,anywhere,4,24,6,0,2,16,0.25,0.3333333333333333,-0.08333333333333331,-0.20833333333333337,0.0,BCa,0.0,1.3333333333333333,0.08333333333333333,0.25,exact_midp,0.20833333333333334,0.041666666666666664,0,-0.08695652173913043,0.25,bh_fdr_exploratory,0.7151741293532337,False
Qwen/Qwen2.5-7B-Instruct-AWQ,b25037543e9394b818fdfca67ab2a00ecc7dd641,mmlu_pro,A,delete,whitespace,anywhere,1,24,6,0,1,17,0.25,0.2916666666666667,-0.041666666666666685,-0.25,0.0,BCa,0.0,1.1666666666666667,0.041666666666666664,0.4999999999999999,exact_midp,0.041666666666666664,0.041666666666666664,0,-0.043478260869565244,0.4999999999999999,bh_fdr_exploratory,0.7151741293532337,False
Qwen/Qwen2.5-7B-Instruct-AWQ,b25037543e9394b818fdfca67ab2a00ecc7dd641,mmlu_pro,A,delete,whitespace,anywhere,2,24,6,0,1,17,0.25,0.2916666666666667,-0.041666666666666685,-0.2377350443967124,0.0,BCa,0.0,1.1666666666666667,0.041666666666666664,0.4999999999999999,exact_midp,0.08333333333333333,0.08333333333333333,0,-0.04545454545454547,0.4999999999999999,bh_fdr_exploratory,0.7151741293532337,False
Qwen/Qwen2.5-7B-Instruct-AWQ,b25037543e9394b818fdfca67ab2a00ecc7dd641,mmlu_pro,A,insert,filler_word,anywhere,1,24,6,0,0,18,0.25,0.25,0.0,0.0,0.0,percentile,0.0,1.0,0.0,1.0,exact_midp,0.041666666666666664,0.08333333333333333,0,0.0,1.0,bh_fdr_exploratory,1.0,False
Qwen/Qwen2.5-7B-Instruct-AWQ,b25037543e9394b818fdfca67ab2a00ecc7dd641,mmlu_pro,A,insert,filler_word,anywhere,2,24,5,1,2,16,0.25,0.2916666666666667,-0.041666666666666685,-0.20833333333333337,0.08333333333333331,BCa,0.16666666666666666,1.1666666666666667,0.125,0.6249999999999999,exact_midp,0.16666666666666666,0.08333333333333333,0,-0.04545454545454547,0.6249999999999999,bh_fdr_exploratory,0.7274797570850203,False
Qwen/Qwen2.5-7B-Instruct-AWQ,b25037543e9394b818fdfca67ab2a00ecc7dd641,mmlu_pro,A,insert,keyboard_neighbor,anywhere,1,24,6,0,1,17,0.25,0.2916666666666667,-0.041666666666666685,-0.25,0.0,BCa,0.0,1.1666666666666667,0.041666666666666664,0.4999999999999999,exact_midp,0.16666666666666666,0.041666666666666664,0,-0.043478260869565244,0.4999999999999999,bh_fdr_exploratory,0.7151741293532337,False
Qwen/Qwen2.5-7B-Instruct-AWQ,b25037543e9394b818fdfca67ab2a00ecc7dd641,mmlu_pro,A,insert,keyboard_neighbor,anywhere,2,24,6,0,1,17,0.25,0.2916666666666667,-0.041666666666666685,-0.25,0.0,BCa,0.0,1.1666666666666667,0.041666666666666664,0.4999999999999999,exact_midp,0.125,0.08333333333333333,0,-0.04545454545454547,0.4999999999999999,bh_fdr_exploratory,0.7151741293532337,False
Qwen/Qwen2.5-7B-Instruct-AWQ,b25037543e9394b818fdfca67ab2a00ecc7dd641,mmlu_pro,A,insert,keyboard_neighbor,anywhere,4,24,5,1,3,15,0.25,0.3333333333333333,-0.08333333333333331,-0.24999999999999997,0.08333333333333334,BCa,0.16666666666666666,1.3333333333333333,0.16666666666666666,0.375,exact_midp,0.2916666666666667,0.041666666666666664,0,-0.08695652173913043,0.375,bh_fdr_exploratory,0.7151741293532337,False
Qwen/Qwen2.5-7B-Instruct-AWQ,b25037543e9394b818fdfca67ab2a00ecc7dd641,mmlu_pro,A,substitute,fragmentation_matched,anywhere,1,36,6,0,1,29,0.16666666666666666,0.19444444444444445,-0.02777777777777779,-0.18737423740299253,0.0,BCa,0.0,1.1666666666666667,0.027777777777777776,0.4999999999999999,exact_midp,0.027777777777777776,0.1111111111111111,0,-0.03125,0.4999999999999999,bh_fdr_exploratory,0.7151741293532337,False
Qwen/Qwen2.5-7B-Instruct-AWQ,b25037543e9394b818fdfca67ab2a00ecc7dd641,mmlu_pro,A,substitute,fragmentation_matched,anywhere,2,44,9,1,4,30,0.22727272727272727,0.29545454545454547,-0.0681818181818182,-0.20454545454545453,0.0,BCa,0.1,1.3,0.11363636363636363,0.21875000000000003,exact_midp,0.2727272727272727,0.045454545454545456,0,-0.07142857142857145,0.21875000000000003,bh_fdr_exploratory,0.7151741293532337,False
Qwen/Qwen2.5-7B-Instruct-AWQ,b25037543e9394b818fdfca67ab2a00ecc7dd641,mmlu_pro,A,substitute,informative_word,answer_critical,1,24,5,1,0,18,0.25,0.20833333333333334,0.04166666666666666,0.0,0.16666666666666669,BCa,0.16666666666666666,0.8333333333333334,0.041666666666666664,0.4999999999999999,exact_midp,0.16666666666666666,0.08333333333333333,0,0.04545454545454544,0.4999999999999999,bh_fdr_exploratory,0.7151741293532337,False
Qwen/Qwen2.5-7B-Instruct-AWQ,b25037543e9394b818fdfca67ab2a00ecc7dd641,mmlu_pro,A,substitute,informative_word,answer_critical,2,24,6,0,1,17,0.25,0.2916666666666667,-0.041666666666666685,-0.2377350443967124,0.0,BCa,0.0,1.1666666666666667,0.041666666666666664,0.4999999999999999,exact_midp,0.16666666666666666,0.041666666666666664,0,-0.043478260869565244,0.4999999999999999,bh_fdr_exploratory,0.7151741293532337,False
Qwen/Qwen2.5-7B-Instruct-AWQ,b25037543e9394b818fdfca67ab2a00ecc7dd641,mmlu_pro,A,substitute,keyboard_neighbor,anywhere,1,24,6,0,0,18,0.25,0.25,0.0,0.0,0.0,percentile,0.0,1.0,0.0,1.0,exact_midp,0.08333333333333333,0.041666666666666664,0,0.0,1.0,bh_fdr_exploratory,1.0,False
Qwen/Qwen2.5-7B-Instruct-AWQ,b25037543e9394b818fdfca67ab2a00ecc7dd641,mmlu_pro,A,substitute,keyboard_neighbor,anywhere,2,24,6,0,1,17,0.25,0.2916666666666667,-0.041666666666666685,-0.20833333333333337,0.0,BCa,0.0,1.1666666666666667,0.041666666666666664,0.4999999999999999,exact_midp,0.16666666666666666,0.041666666666666664,0,-0.043478260869565244,0.4999999999999999,bh_fdr_exploratory,0.7151741293532337,False
Qwen/Qwen2.5-7B-Instruct-AWQ,b25037543e9394b818fdfca67ab2a00ecc7dd641,mmlu_pro,A,substitute,keyboard_neighbor,anywhere,4,24,6,0,2,16,0.25,0.3333333333333333,-0.08333333333333331,-0.20833333333333337,0.0,BCa,0.0,1.3333333333333333,0.08333333333333333,0.25,exact_midp,0.20833333333333334,0.08333333333333333,0,-0.09090909090909094,0.25,holm_within_model_primary,0.75,False
Qwen/Qwen2.5-7B-Instruct-AWQ,b25037543e9394b818fdfca67ab2a00ecc7dd641,mmlu_pro,A,substitute,keyboard_neighbor,anywhere,8,24,5,1,1,17,0.25,0.25,0.0,-0.125,0.125,BCa,0.16666666666666666,1.0,0.08333333333333333,0.4999999999999998,exact_midp,0.2916666666666667,0.0,0,0.0,0.4999999999999998,bh_fdr_exploratory,0.7151741293532337,False
Qwen/Qwen2.5-7B-Instruct-AWQ,b25037543e9394b818fdfca67ab2a00ecc7dd641,mmlu_pro,A,substitute,keyboard_neighbor,content,1,24,6,0,1,17,0.25,0.2916666666666667,-0.041666666666666685,-0.25,0.0,BCa,0.0,1.1666666666666667,0.041666666666666664,0.4999999999999999,exact_midp,0.125,0.08333333333333333,0,-0.04545454545454547,0.4999999999999999,bh_fdr_exploratory,0.7151741293532337,False
Qwen/Qwen2.5-7B-Instruct-AWQ,b25037543e9394b818fdfca67ab2a00ecc7dd641,mmlu_pro,A,substitute,keyboard_neighbor,content,2,24,5,1,1,17,0.25,0.25,0.0,-0.125,0.125,BCa,0.16666666666666666,1.0,0.08333333333333333,0.4999999999999998,exact_midp,0.16666666666666666,0.08333333333333333,0,0.0,0.4999999999999998,bh_fdr_exploratory,0.7151741293532337,False
Qwen/Qwen2.5-7B-Instruct-AWQ,b25037543e9394b818fdfca67ab2a00ecc7dd641,mmlu_pro,A,substitute,keyboard_neighbor,content,4,24,5,1,2,16,0.25,0.2916666666666667,-0.041666666666666685,-0.20833333333333334,0.08333333333333331,BCa,0.16666666666666666,1.1666666666666667,0.125,0.6249999999999999,exact_midp,0.25,0.041666666666666664,0,-0.043478260869565244,0.6249999999999999,bh_fdr_exploratory,0.7274797570850203,False
Qwen/Qwen2.5-7B-Instruct-AWQ,b25037543e9394b818fdfca67ab2a00ecc7dd641,mmlu_pro,A,transpose,keyboard_neighbor,anywhere,1,24,6,0,0,18,0.25,0.25,0.0,0.0,0.0,percentile,0.0,1.0,0.0,1.0,exact_midp,0.08333333333333333,0.08333333333333333,0,0.0,1.0,bh_fdr_exploratory,1.0,False
Qwen/Qwen2.5-7B-Instruct-AWQ,b25037543e9394b818fdfca67ab2a00ecc7dd641,mmlu_pro,A,transpose,keyboard_neighbor,anywhere,2,24,6,0,2,16,0.25,0.3333333333333333,-0.08333333333333331,-0.20833333333333337,0.0,BCa,0.0,1.3333333333333333,0.08333333333333333,0.25,exact_midp,0.16666666666666666,0.041666666666666664,0,-0.08695652173913043,0.25,bh_fdr_exploratory,0.7151741293532337,False
Qwen/Qwen2.5-7B-Instruct-AWQ,b25037543e9394b818fdfca67ab2a00ecc7dd641,mmlu_pro,A,transpose,keyboard_neighbor,anywhere,4,24,5,1,3,15,0.25,0.3333333333333333,-0.08333333333333331,-0.24999999999999997,0.08333333333333334,BCa,0.16666666666666666,1.3333333333333333,0.16666666666666666,0.375,exact_midp,0.2916666666666667,0.041666666666666664,0,-0.08695652173913043,0.375,bh_fdr_exploratory,0.7151741293532337,False
Qwen/Qwen2.5-7B-Instruct-AWQ,b25037543e9394b818fdfca67ab2a00ecc7dd641,mmlu_pro,B,substitute,homophone,anywhere,1,24,6,0,1,17,0.25,0.2916666666666667,-0.041666666666666685,-0.25,0.0,BCa,0.0,1.1666666666666667,0.041666666666666664,0.4999999999999999,exact_midp,0.08333333333333333,0.08333333333333333,0,-0.04545454545454547,0.4999999999999999,bh_fdr_exploratory,0.7151741293532337,False
Qwen/Qwen2.5-7B-Instruct-AWQ,b25037543e9394b818fdfca67ab2a00ecc7dd641,mmlu_pro,B,substitute,homophone,anywhere,2,23,6,0,1,16,0.2608695652173913,0.30434782608695654,-0.043478260869565244,-0.29663427486446325,0.0,BCa,0.0,1.1666666666666667,0.043478260869565216,0.4999999999999999,exact_midp,0.08695652173913043,0.043478260869565216,0,-0.04545454545454547,0.4999999999999999,bh_fdr_exploratory,0.7151741293532337,False
Qwen/Qwen2.5-7B-Instruct-AWQ,b25037543e9394b818fdfca67ab2a00ecc7dd641,mmlu_pro,B,substitute,real_word,anywhere,2,24,5,1,1,17,0.25,0.25,0.0,-0.125,0.125,BCa,0.16666666666666666,1.0,0.08333333333333333,0.4999999999999998,exact_midp,0.20833333333333334,0.08333333333333333,0,0.0,0.4999999999999998,bh_fdr_exploratory,0.7151741293532337,False
Qwen/Qwen2.5-7B-Instruct-AWQ,b25037543e9394b818fdfca67ab2a00ecc7dd641,mmlu_pro,B,substitute,real_word,anywhere,3,24,5,1,2,16,0.25,0.2916666666666667,-0.041666666666666685,-0.20833333333333334,0.08333333333333331,BCa,0.16666666666666666,1.1666666666666667,0.125,0.6249999999999999,exact_midp,0.20833333333333334,0.08333333333333333,0,-0.04545454545454547,0.6249999999999999,bh_fdr_exploratory,0.7274797570850203,False
Qwen/Qwen2.5-7B-Instruct-AWQ,b25037543e9394b818fdfca67ab2a00ecc7dd641,mmlu_pro,B,substitute,real_word,anywhere,4,24,6,0,2,16,0.25,0.3333333333333333,-0.08333333333333331,-0.20833333333333334,0.0,BCa,0.0,1.3333333333333333,0.08333333333333333,0.25,exact_midp,0.125,0.041666666666666664,0,-0.08695652173913043,0.25,bh_fdr_exploratory,0.7151741293532337,False
Qwen/Qwen2.5-7B-Instruct-AWQ,b25037543e9394b818fdfca67ab2a00ecc7dd641,mmlu_pro,C,substitute,keyboard_neighbor,anywhere,0,24,4,2,2,16,0.25,0.25,0.0,-0.16666666666666666,0.16666666666666669,BCa,0.3333333333333333,1.0,0.16666666666666666,0.625,exact_midp,0.7916666666666666,0.08333333333333333,0,0.0,0.625,bh_fdr_exploratory,0.7274797570850203,False
hugging-quants/Meta-Llama-3.1-8B-Instruct-AWQ-INT4,db1f81ad4b8c7e39777509fac66c652eb0a52f91,gsm8k,A,delete,keyboard_neighbor,anywhere,1,24,19,1,0,4,0.8333333333333334,0.7916666666666666,0.04166666666666674,0.0,0.2916666666666667,BCa,0.05,0.95,0.041666666666666664,0.4999999999999999,exact_midp,0.08333333333333333,0.0,0,0.04166666666666674,0.4999999999999999,bh_fdr_exploratory,0.7151741293532337,False
hugging-quants/Meta-Llama-3.1-8B-Instruct-AWQ-INT4,db1f81ad4b8c7e39777509fac66c652eb0a52f91,gsm8k,A,delete,keyboard_neighbor,anywhere,2,24,20,0,1,3,0.8333333333333334,0.875,-0.04166666666666663,-0.16666666666666674,0.0,BCa,0.0,1.05,0.041666666666666664,0.4999999999999999,exact_midp,0.125,0.0,0,-0.04166666666666663,0.4999999999999999,bh_fdr_exploratory,0.7151741293532337,False
hugging-quants/Meta-Llama-3.1-8B-Instruct-AWQ-INT4,db1f81ad4b8c7e39777509fac66c652eb0a52f91,gsm8k,A,delete,keyboard_neighbor,anywhere,4,24,15,5,0,4,0.8333333333333334,0.625,0.20833333333333337,0.08333333333333337,0.4166666666666667,BCa,0.25,0.75,0.20833333333333334,0.03125000000000003,exact_midp,0.2916666666666667,0.0,0,0.20833333333333337,0.03125000000000003,bh_fdr_exploratory,0.7151741293532337,False
hugging-quants/Meta-Llama-3.1-8B-Instruct-AWQ-INT4,db1f81ad4b8c7e39777509fac66c652eb0a52f91,gsm8k,A,delete,whitespace,anywhere,1,24,18,2,0,4,0.8333333333333334,0.75,0.08333333333333337,0.0,0.29166666666666663,BCa,0.1,0.8999999999999999,0.08333333333333333,0.25,exact_midp,0.20833333333333334,0.0,0,0.08333333333333337,0.25,bh_fdr_exploratory,0.7151741293532337,False
hugging-quants/Meta-Llama-3.1-8B-Instruct-AWQ-INT4,db1f81ad4b8c7e39777509fac66c652eb0a52f91,gsm8k,A,delete,whitespace,anywhere,2,24,18,2,1,3,0.8333333333333334,0.7916666666666666,0.04166666666666674,-0.04166666666666674,0.20833333333333337,BCa,0.1,0.95,0.125,0.6249999999999999,exact_midp,0.20833333333333334,0.0,0,0.04166666666666674,0.6249999999999999,bh_fdr_exploratory,0.7274797570850203,False
hugging-quants/Meta-Llama-3.1-8B-Instruct-AWQ-INT4,db1f81ad4b8c7e39777509fac66c652eb0a52f91,gsm8k,A,insert,filler_word,anywhere,1,24,17,3,0,4,0.8333333333333334,0.7083333333333334,0.125,0.04166666666666663,0.29166666666666674,BCa,0.15,0.85,0.125,0.125,exact_midp,0.20833333333333334,0.0,0,0.125,0.125,bh_fdr_exploratory,0.7151741293532337,False
hugging-quants/Meta-Llama-3.1-8B-Instruct-AWQ-INT4,db1f81ad4b8c7e39777509fac66c652eb0a52f91,gsm8k,A,insert,filler_word,anywhere,2,24,19,1,0,4,0.8333333333333334,0.7916666666666666,0.04166666666666674,0.0,0.29166666666666674,BCa,0.05,0.95,0.041666666666666664,0.4999999999999999,exact_midp,0.08333333333333333,0.0,0,0.04166666666666674,0.4999999999999999,bh_fdr_exploratory,0.7151741293532337,False
hugging-quants/Meta-Llama-3.1-8B-Instruct-AWQ-INT4,db1f81ad4b8c7e39777509fac66c652eb0a52f91,gsm8k,A,insert,keyboard_neighbor,anywhere,1,24,19,1,1,3,0.8333333333333334,0.8333333333333334,0.0,-0.125,0.125,BCa,0.05,1.0,0.08333333333333333,0.4999999999999998,exact_midp,0.08333333333333333,0.0,0,0.0,0.4999999999999998,bh_fdr_exploratory,0.7151741293532337,False
hugging-quants/Meta-Llama-3.1-8B-Instruct-AWQ-INT4,db1f81ad4b8c7e39777509fac66c652eb0a52f91,gsm8k,A,insert,keyboard_neighbor,anywhere,2,24,17,3,1,3,0.8333333333333334,0.75,0.08333333333333337,-0.04166666666666674,0.29166666666666663,BCa,0.15,0.8999999999999999,0.16666666666666666,0.375,exact_midp,0.20833333333333334,0.0,0,0.08333333333333337,0.375,bh_fdr_exploratory,0.7151741293532337,False
hugging-quants/Meta-Llama-3.1-8B-Instruct-AWQ-INT4,db1f81ad4b8c7e39777509fac66c652eb0a52f91,gsm8k,A,insert,keyboard_neighbor,anywhere,4,24,19,1,1,3,0.8333333333333334,0.8333333333333334,0.0,-0.125,0.125,BCa,0.05,1.0,0.08333333333333333,0.4999999999999998,exact_midp,0.16666666666666666,0.0,0,0.0,0.4999999999999998,bh_fdr_exploratory,0.7151741293532337,False
hugging-quants/Meta-Llama-3.1-8B-Instruct-AWQ-INT4,db1f81ad4b8c7e39777509fac66c652eb0a52f91,gsm8k,A,substitute,fragmentation_matched,anywhere,1,42,27,7,0,8,0.8095238095238095,0.6428571428571429,0.16666666666666663,0.0714285714285714,0.28571428571428575,BCa,0.20588235294117646,0.7941176470588236,0.16666666666666666,0.007812500000000052,exact_midp,0.23809523809523808,0.0,0,0.16666666666666663,0.007812500000000052,bh_fdr_exploratory,0.7151741293532337,False
hugging-quants/Meta-Llama-3.1-8B-Instruct-AWQ-INT4,db1f81ad4b8c7e39777509fac66c652eb0a52f91,gsm8k,A,substitute,fragmentation_matched,anywhere,2,48,36,4,0,8,0.8333333333333334,0.75,0.08333333333333337,0.02083333333333337,0.20833333333333326,BCa,0.1,0.8999999999999999,0.08333333333333333,0.062499999999999986,exact_midp,0.1875,0.0,0,0.08333333333333337,0.062499999999999986,bh_fdr_exploratory,0.7151741293532337,False
hugging-quants/Meta-Llama-3.1-8B-Instruct-AWQ-INT4,db1f81ad4b8c7e39777509fac66c652eb0a52f91,gsm8k,A,substitute,informative_word,answer_critical,1,24,18,2,0,4,0.8333333333333334,0.75,0.08333333333333337,0.0,0.29166666666666663,BCa,0.1,0.8999999999999999,0.08333333333333333,0.25,exact_midp,0.125,0.0,0,0.08333333333333337,0.25,bh_fdr_exploratory,0.7151741293532337,False
hugging-quants/Meta-Llama-3.1-8B-Instruct-AWQ-INT4,db1f81ad4b8c7e39777509fac66c652eb0a52f91,gsm8k,A,substitute,informative_word,answer_critical,2,24,20,0,0,4,0.8333333333333334,0.8333333333333334,0.0,0.0,0.0,percentile,0.0,1.0,0.0,1.0,exact_midp,0.08333333333333333,0.0,0,0.0,1.0,bh_fdr_exploratory,1.0,False
hugging-quants/Meta-Llama-3.1-8B-Instruct-AWQ-INT4,db1f81ad4b8c7e39777509fac66c652eb0a52f91,gsm8k,A,substitute,keyboard_neighbor,anywhere,1,24,17,3,0,4,0.8333333333333334,0.7083333333333334,0.125,0.04166666666666663,0.29166666666666674,BCa,0.15,0.85,0.125,0.125,exact_midp,0.20833333333333334,0.0,0,0.125,0.125,bh_fdr_exploratory,0.7151741293532337,False
hugging-quants/Meta-Llama-3.1-8B-Instruct-AWQ-INT4,db1f81ad4b8c7e39777509fac66c652eb0a52f91,gsm8k,A,substitute,keyboard_neighbor,anywhere,2,24,18,2,1,3,0.8333333333333334,0.7916666666666666,0.04166666666666674,-0.04166666666666674,0.25,BCa,0.1,0.95,0.125,0.6249999999999999,exact_midp,0.20833333333333334,0.0,0,0.04166666666666674,0.6249999999999999,holm_within_model_primary,1.0,False
hugging-quants/Meta-Llama-3.1-8B-Instruct-AWQ-INT4,db1f81ad4b8c7e39777509fac66c652eb0a52f91,gsm8k,A,substitute,keyboard_neighbor,anywhere,4,24,16,4,2,2,0.8333333333333334,0.75,0.08333333333333337,-0.08333333333333337,0.29166666666666674,BCa,0.2,0.8999999999999999,0.25,0.453125,exact_midp,0.2916666666666667,0.0,0,0.08333333333333337,0.453125,bh_fdr_exploratory,0.7151741293532337,False
hugging-quants/Meta-Llama-3.1-8B-Instruct-AWQ-INT4,db1f81ad4b8c7e39777509fac66c652eb0a52f91,gsm8k,A,substitute,keyboard_neighbor,anywhere,8,24,14,6,0,4,0.8333333333333334,0.5833333333333334,0.25,0.08333333333333337,0.4583333333333333,BCa,0.3,0.7000000000000001,0.25,0.015624999999999879,exact_midp,0.375,0.041666666666666664,0,0.21739130434782605,0.03125000000000003,bh_fdr_exploratory,0.7151741293532337,False
hugging-quants/Meta-Llama-3.1-8B-Instruct-AWQ-INT4,db1f81ad4b8c7e39777509fac66c652eb0a52f91,gsm8k,A,substitute,keyboard_neighbor,content,1,24,19,1,1,3,0.8333333333333334,0.8333333333333334,0.0,-0.125,0.125,BCa,0.05,1.0,0.08333333333333333,0.4999999999999998,exact_midp,0.16666666666666666,0.0,0,0.0,0.4999999999999998,bh_fdr_exploratory,0.7151741293532337,False
hugging-quants/Meta-Llama-3.1-8B-Instruct-AWQ-INT4,db1f81ad4b8c7e39777509fac66c652eb0a52f91,gsm8k,A,substitute,keyboard_neighbor,content,2,24,17,3,0,4,0.8333333333333334,0.7083333333333334,0.125,0.04166666666666663,0.29166666666666674,BCa,0.15,0.85,0.125,0.125,exact_midp,0.20833333333333334,0.0,0,0.125,0.125,bh_fdr_exploratory,0.7151741293532337,False
hugging-quants/Meta-Llama-3.1-8B-Instruct-AWQ-INT4,db1f81ad4b8c7e39777509fac66c652eb0a52f91,gsm8k,A,substitute,keyboard_neighbor,content,4,24,19,1,1,3,0.8333333333333334,0.8333333333333334,0.0,-0.125,0.125,BCa,0.05,1.0,0.08333333333333333,0.4999999999999998,exact_midp,0.16666666666666666,0.0,0,0.0,0.4999999999999998,bh_fdr_exploratory,0.7151741293532337,False
hugging-quants/Meta-Llama-3.1-8B-Instruct-AWQ-INT4,db1f81ad4b8c7e39777509fac66c652eb0a52f91,gsm8k,A,transpose,keyboard_neighbor,anywhere,1,24,19,1,1,3,0.8333333333333334,0.8333333333333334,0.0,-0.125,0.125,BCa,0.05,1.0,0.08333333333333333,0.4999999999999998,exact_midp,0.08333333333333333,0.0,0,0.0,0.4999999999999998,bh_fdr_exploratory,0.7151741293532337,False
hugging-quants/Meta-Llama-3.1-8B-Instruct-AWQ-INT4,db1f81ad4b8c7e39777509fac66c652eb0a52f91,gsm8k,A,transpose,keyboard_neighbor,anywhere,2,24,17,3,0,4,0.8333333333333334,0.7083333333333334,0.125,0.04166666666666663,0.29166666666666674,BCa,0.15,0.85,0.125,0.125,exact_midp,0.25,0.0,0,0.125,0.125,bh_fdr_exploratory,0.7151741293532337,False
hugging-quants/Meta-Llama-3.1-8B-Instruct-AWQ-INT4,db1f81ad4b8c7e39777509fac66c652eb0a52f91,gsm8k,A,transpose,keyboard_neighbor,anywhere,4,24,18,2,1,3,0.8333333333333334,0.7916666666666666,0.04166666666666674,-0.04166666666666674,0.25,BCa,0.1,0.95,0.125,0.6249999999999999,exact_midp,0.16666666666666666,0.0,0,0.04166666666666674,0.6249999999999999,bh_fdr_exploratory,0.7274797570850203,False
hugging-quants/Meta-Llama-3.1-8B-Instruct-AWQ-INT4,db1f81ad4b8c7e39777509fac66c652eb0a52f91,gsm8k,B,substitute,homophone,anywhere,1,24,19,1,0,4,0.8333333333333334,0.7916666666666666,0.04166666666666674,0.0,0.28743970232790156,BCa,0.05,0.95,0.041666666666666664,0.4999999999999999,exact_midp,0.08333333333333333,0.0,0,0.04166666666666674,0.4999999999999999,bh_fdr_exploratory,0.7151741293532337,False
hugging-quants/Meta-Llama-3.1-8B-Instruct-AWQ-INT4,db1f81ad4b8c7e39777509fac66c652eb0a52f91,gsm8k,B,substitute,homophone,anywhere,2,24,18,2,0,4,0.8333333333333334,0.75,0.08333333333333337,0.0,0.2916666666666667,BCa,0.1,0.8999999999999999,0.08333333333333333,0.25,exact_midp,0.20833333333333334,0.0,0,0.08333333333333337,0.25,bh_fdr_exploratory,0.7151741293532337,False
hugging-quants/Meta-Llama-3.1-8B-Instruct-AWQ-INT4,db1f81ad4b8c7e39777509fac66c652eb0a52f91,gsm8k,B,substitute,real_word,anywhere,2,24,19,1,1,3,0.8333333333333334,0.8333333333333334,0.0,-0.125,0.125,BCa,0.05,1.0,0.08333333333333333,0.4999999999999998,exact_midp,0.16666666666666666,0.0,0,0.0,0.4999999999999998,bh_fdr_exploratory,0.7151741293532337,False
hugging-quants/Meta-Llama-3.1-8B-Instruct-AWQ-INT4,db1f81ad4b8c7e39777509fac66c652eb0a52f91,gsm8k,B,substitute,real_word,anywhere,3,24,14,6,3,1,0.8333333333333334,0.7083333333333334,0.125,-0.125,0.375,BCa,0.3,0.85,0.375,0.34374999999999994,exact_midp,0.4166666666666667,0.0,0,0.125,0.34374999999999994,bh_fdr_exploratory,0.7151741293532337,False
hugging-quants/Meta-Llama-3.1-8B-Instruct-AWQ-INT4,db1f81ad4b8c7e39777509fac66c652eb0a52f91,gsm8k,B,substitute,real_word,anywhere,4,24,14,6,0,4,0.8333333333333334,0.5833333333333334,0.25,0.08333333333333337,0.4583333333333333,BCa,0.3,0.7000000000000001,0.25,0.015624999999999879,exact_midp,0.375,0.0,0,0.25,0.015624999999999879,bh_fdr_exploratory,0.7151741293532337,False
hugging-quants/Meta-Llama-3.1-8B-Instruct-AWQ-INT4,db1f81ad4b8c7e39777509fac66c652eb0a52f91,gsm_symbolic_official,A,delete,keyboard_neighbor,anywhere,1,24,18,1,0,5,0.7916666666666666,0.75,0.04166666666666663,0.0,0.16666666666666674,BCa,0.05263157894736842,0.9473684210526316,0.041666666666666664,0.4999999999999999,exact_midp,0.08333333333333333,0.0,0,0.04166666666666663,0.4999999999999999,bh_fdr_exploratory,0.7151741293532337,False
hugging-quants/Meta-Llama-3.1-8B-Instruct-AWQ-INT4,db1f81ad4b8c7e39777509fac66c652eb0a52f91,gsm_symbolic_official,A,delete,keyboard_neighbor,anywhere,2,24,16,3,0,5,0.7916666666666666,0.6666666666666666,0.125,0.04166666666666663,0.3188773330662116,BCa,0.15789473684210525,0.8421052631578947,0.125,0.125,exact_midp,0.2916666666666667,0.0,0,0.125,0.125,bh_fdr_exploratory,0.7151741293532337,False
hugging-quants/Meta-Llama-3.1-8B-Instruct-AWQ-INT4,db1f81ad4b8c7e39777509fac66c652eb0a52f91,gsm_symbolic_official,A,delete,keyboard_neighbor,anywhere,4,24,16,3,0,5,0.7916666666666666,0.6666666666666666,0.125,0.04166666666666663,0.29166666666666674,BCa,0.15789473684210525,0.8421052631578947,0.125,0.125,exact_midp,0.20833333333333334,0.0,0,0.125,0.125,bh_fdr_exploratory,0.7151741293532337,False
hugging-quants/Meta-Llama-3.1-8B-Instruct-AWQ-INT4,db1f81ad4b8c7e39777509fac66c652eb0a52f91,gsm_symbolic_official,A,delete,whitespace,anywhere,1,24,18,1,1,4,0.7916666666666666,0.7916666666666666,0.0,-0.125,0.125,BCa,0.05263157894736842,1.0,0.08333333333333333,0.4999999999999998,exact_midp,0.16666666666666666,0.0,0,0.0,0.4999999999999998,bh_fdr_exploratory,0.7151741293532337,False
hugging-quants/Meta-Llama-3.1-8B-Instruct-AWQ-INT4,db1f81ad4b8c7e39777509fac66c652eb0a52f91,gsm_symbolic_official,A,delete,whitespace,anywhere,2,24,17,2,1,4,0.7916666666666666,0.75,0.04166666666666663,-0.08333333333333337,0.16666666666666674,BCa,0.10526315789473684,0.9473684210526316,0.125,0.6249999999999999,exact_midp,0.16666666666666666,0.0,0,0.04166666666666663,0.6249999999999999,bh_fdr_exploratory,0.7274797570850203,False
hugging-quants/Meta-Llama-3.1-8B-Instruct-AWQ-INT4,db1f81ad4b8c7e39777509fac66c652eb0a52f91,gsm_symbolic_official,A,insert,filler_word,anywhere,1,24,17,2,1,4,0.7916666666666666,0.75,0.04166666666666663,-0.08333333333333337,0.16666666666666674,BCa,0.10526315789473684,0.9473684210526316,0.125,0.6249999999999999,exact_midp,0.25,0.0,0,0.04166666666666663,0.6249999999999999,bh_fdr_exploratory,0.7274797570850203,False
hugging-quants/Meta-Llama-3.1-8B-Instruct-AWQ-INT4,db1f81ad4b8c7e39777509fac66c652eb0a52f91,gsm_symbolic_official,A,insert,filler_word,anywhere,2,24,17,2,1,4,0.7916666666666666,0.75,0.04166666666666663,-0.08333333333333337,0.16666666666666674,BCa,0.10526315789473684,0.9473684210526316,0.125,0.6249999999999999,exact_midp,0.20833333333333334,0.0,0,0.04166666666666663,0.6249999999999999,bh_fdr_exploratory,0.7274797570850203,False
hugging-quants/Meta-Llama-3.1-8B-Instruct-AWQ-INT4,db1f81ad4b8c7e39777509fac66c652eb0a52f91,gsm_symbolic_official,A,insert,keyboard_neighbor,anywhere,1,24,18,1,0,5,0.7916666666666666,0.75,0.04166666666666663,0.0,0.16666666666666674,BCa,0.05263157894736842,0.9473684210526316,0.041666666666666664,0.4999999999999999,exact_midp,0.041666666666666664,0.0,0,0.04166666666666663,0.4999999999999999,bh_fdr_exploratory,0.7151741293532337,False
hugging-quants/Meta-Llama-3.1-8B-Instruct-AWQ-INT4,db1f81ad4b8c7e39777509fac66c652eb0a52f91,gsm_symbolic_official,A,insert,keyboard_neighbor,anywhere,2,24,19,0,0,5,0.7916666666666666,0.7916666666666666,0.0,0.0,0.0,percentile,0.0,1.0,0.0,1.0,exact_midp,0.08333333333333333,0.0,0,0.0,1.0,bh_fdr_exploratory,1.0,False
hugging-quants/Meta-Llama-3.1-8B-Instruct-AWQ-INT4,db1f81ad4b8c7e39777509fac66c652eb0a52f91,gsm_symbolic_official,A,insert,keyboard_neighbor,anywhere,4,24,18,1,0,5,0.7916666666666666,0.75,0.04166666666666663,0.0,0.16666666666666674,BCa,0.05263157894736842,0.9473684210526316,0.041666666666666664,0.4999999999999999,exact_midp,0.125,0.0,0,0.04166666666666663,0.4999999999999999,bh_fdr_exploratory,0.7151741293532337,False
hugging-quants/Meta-Llama-3.1-8B-Instruct-AWQ-INT4,db1f81ad4b8c7e39777509fac66c652eb0a52f91,gsm_symbolic_official,A,substitute,fragmentation_matched,anywhere,1,42,30,2,0,10,0.7619047619047619,0.7142857142857143,0.04761904761904756,0.0,0.1428571428571428,BCa,0.0625,0.9375000000000001,0.047619047619047616,0.25,exact_midp,0.11904761904761904,0.0,0,0.04761904761904756,0.25,bh_fdr_exploratory,0.7151741293532337,False
hugging-quants/Meta-Llama-3.1-8B-Instruct-AWQ-INT4,db1f81ad4b8c7e39777509fac66c652eb0a52f91,gsm_symbolic_official,A,substitute,fragmentation_matched,anywhere,2,46,28,8,0,10,0.782608695652174,0.6086956521739131,0.17391304347826086,0.08695652173913038,0.30434782608695654,BCa,0.2222222222222222,0.7777777777777778,0.17391304347826086,0.003906249999999993,exact_midp,0.30434782608695654,0.0,0,0.17391304347826086,0.003906249999999993,bh_fdr_exploratory,0.7151741293532337,False
hugging-quants/Meta-Llama-3.1-8B-Instruct-AWQ-INT4,db1f81ad4b8c7e39777509fac66c652eb0a52f91,gsm_symbolic_official,A,substitute,informative_word,answer_critical,1,24,15,4,0,5,0.7916666666666666,0.625,0.16666666666666663,0.04166666666666663,0.33333333333333337,BCa,0.21052631578947367,0.7894736842105263,0.16666666666666666,0.062499999999999986,exact_midp,0.2916666666666667,0.0,0,0.16666666666666663,0.062499999999999986,bh_fdr_exploratory,0.7151741293532337,False
hugging-quants/Meta-Llama-3.1-8B-Instruct-AWQ-INT4,db1f81ad4b8c7e39777509fac66c652eb0a52f91,gsm_symbolic_official,A,substitute,informative_word,answer_critical,2,24,17,2,1,4,0.7916666666666666,0.75,0.04166666666666663,-0.08333333333333337,0.16666666666666674,BCa,0.10526315789473684,0.9473684210526316,0.125,0.6249999999999999,exact_midp,0.20833333333333334,0.0,0,0.04166666666666663,0.6249999999999999,bh_fdr_exploratory,0.7274797570850203,False
hugging-quants/Meta-Llama-3.1-8B-Instruct-AWQ-INT4,db1f81ad4b8c7e39777509fac66c652eb0a52f91,gsm_symbolic_official,A,substitute,keyboard_neighbor,anywhere,1,24,19,0,0,5,0.7916666666666666,0.7916666666666666,0.0,0.0,0.0,percentile,0.0,1.0,0.0,1.0,exact_midp,0.125,0.0,0,0.0,1.0,bh_fdr_exploratory,1.0,False
hugging-quants/Meta-Llama-3.1-8B-Instruct-AWQ-INT4,db1f81ad4b8c7e39777509fac66c652eb0a52f91,gsm_symbolic_official,A,substitute,keyboard_neighbor,anywhere,2,24,17,2,0,5,0.7916666666666666,0.7083333333333334,0.08333333333333326,0.0,0.20833333333333337,BCa,0.10526315789473684,0.8947368421052633,0.08333333333333333,0.25,exact_midp,0.25,0.0,0,0.08333333333333326,0.25,holm_within_model_primary,1.0,False
hugging-quants/Meta-Llama-3.1-8B-Instruct-AWQ-INT4,db1f81ad4b8c7e39777509fac66c652eb0a52f91,gsm_symbolic_official,A,substitute,keyboard_neighbor,anywhere,4,24,14,5,0,5,0.7916666666666666,0.5833333333333334,0.20833333333333326,0.04166666666666674,0.375,BCa,0.2631578947368421,0.736842105263158,0.20833333333333334,0.03125000000000003,exact_midp,0.3333333333333333,0.0,0,0.20833333333333326,0.03125000000000003,bh_fdr_exploratory,0.7151741293532337,False
hugging-quants/Meta-Llama-3.1-8B-Instruct-AWQ-INT4,db1f81ad4b8c7e39777509fac66c652eb0a52f91,gsm_symbolic_official,A,substitute,keyboard_neighbor,anywhere,8,24,11,8,1,4,0.7916666666666666,0.5,0.29166666666666663,0.04166666666666674,0.4999999999999999,BCa,0.42105263157894735,0.6315789473684211,0.375,0.021484374999999983,exact_midp,0.5,0.041666666666666664,0,0.26086956521739135,0.039062500000000014,bh_fdr_exploratory,0.7151741293532337,False
hugging-quants/Meta-Llama-3.1-8B-Instruct-AWQ-INT4,db1f81ad4b8c7e39777509fac66c652eb0a52f91,gsm_symbolic_official,A,substitute,keyboard_neighbor,content,1,24,17,2,0,5,0.7916666666666666,0.7083333333333334,0.08333333333333326,0.0,0.20833333333333337,BCa,0.10526315789473684,0.8947368421052633,0.08333333333333333,0.25,exact_midp,0.20833333333333334,0.0,0,0.08333333333333326,0.25,bh_fdr_exploratory,0.7151741293532337,False
hugging-quants/Meta-Llama-3.1-8B-Instruct-AWQ-INT4,db1f81ad4b8c7e39777509fac66c652eb0a52f91,gsm_symbolic_official,A,substitute,keyboard_neighbor,content,2,24,17,2,0,5,0.7916666666666666,0.7083333333333334,0.08333333333333326,0.0,0.20833333333333337,BCa,0.10526315789473684,0.8947368421052633,0.08333333333333333,0.25,exact_midp,0.20833333333333334,0.0,0,0.08333333333333326,0.25,bh_fdr_exploratory,0.7151741293532337,False
hugging-quants/Meta-Llama-3.1-8B-Instruct-AWQ-INT4,db1f81ad4b8c7e39777509fac66c652eb0a52f91,gsm_symbolic_official,A,substitute,keyboard_neighbor,content,4,24,15,4,1,4,0.7916666666666666,0.6666666666666666,0.125,-0.04166666666666663,0.33333333333333326,BCa,0.21052631578947367,0.8421052631578947,0.20833333333333334,0.21875000000000003,exact_midp,0.2916666666666667,0.0,0,0.125,0.21875000000000003,bh_fdr_exploratory,0.7151741293532337,False
hugging-quants/Meta-Llama-3.1-8B-Instruct-AWQ-INT4,db1f81ad4b8c7e39777509fac66c652eb0a52f91,gsm_symbolic_official,A,transpose,keyboard_neighbor,anywhere,1,24,16,3,1,4,0.7916666666666666,0.7083333333333334,0.08333333333333326,-0.08333333333333337,0.20833333333333337,BCa,0.15789473684210525,0.8947368421052633,0.16666666666666666,0.375,exact_midp,0.25,0.0,0,0.08333333333333326,0.375,bh_fdr_exploratory,0.7151741293532337,False
hugging-quants/Meta-Llama-3.1-8B-Instruct-AWQ-INT4,db1f81ad4b8c7e39777509fac66c652eb0a52f91,gsm_symbolic_official,A,transpose,keyboard_neighbor,anywhere,2,24,17,2,0,5,0.7916666666666666,0.7083333333333334,0.08333333333333326,0.0,0.20833333333333337,BCa,0.10526315789473684,0.8947368421052633,0.08333333333333333,0.25,exact_midp,0.20833333333333334,0.0,0,0.08333333333333326,0.25,bh_fdr_exploratory,0.7151741293532337,False
hugging-quants/Meta-Llama-3.1-8B-Instruct-AWQ-INT4,db1f81ad4b8c7e39777509fac66c652eb0a52f91,gsm_symbolic_official,A,transpose,keyboard_neighbor,anywhere,4,24,14,5,0,5,0.7916666666666666,0.5833333333333334,0.20833333333333326,0.04166666666666674,0.375,BCa,0.2631578947368421,0.736842105263158,0.20833333333333334,0.03125000000000003,exact_midp,0.3333333333333333,0.0,0,0.20833333333333326,0.03125000000000003,bh_fdr_exploratory,0.7151741293532337,False
hugging-quants/Meta-Llama-3.1-8B-Instruct-AWQ-INT4,db1f81ad4b8c7e39777509fac66c652eb0a52f91,gsm_symbolic_official,B,substitute,homophone,anywhere,1,24,16,3,0,5,0.7916666666666666,0.6666666666666666,0.125,0.04166666666666663,0.33333333333333326,BCa,0.15789473684210525,0.8421052631578947,0.125,0.125,exact_midp,0.25,0.0,0,0.125,0.125,bh_fdr_exploratory,0.7151741293532337,False
hugging-quants/Meta-Llama-3.1-8B-Instruct-AWQ-INT4,db1f81ad4b8c7e39777509fac66c652eb0a52f91,gsm_symbolic_official,B,substitute,homophone,anywhere,2,24,15,4,0,5,0.7916666666666666,0.625,0.16666666666666663,0.04166666666666663,0.33333333333333337,BCa,0.21052631578947367,0.7894736842105263,0.16666666666666666,0.062499999999999986,exact_midp,0.2916666666666667,0.0,0,0.16666666666666663,0.062499999999999986,bh_fdr_exploratory,0.7151741293532337,False
hugging-quants/Meta-Llama-3.1-8B-Instruct-AWQ-INT4,db1f81ad4b8c7e39777509fac66c652eb0a52f91,gsm_symbolic_official,B,substitute,real_word,anywhere,2,24,14,5,0,5,0.7916666666666666,0.5833333333333334,0.20833333333333326,0.04166666666666674,0.375,BCa,0.2631578947368421,0.736842105263158,0.20833333333333334,0.03125000000000003,exact_midp,0.3333333333333333,0.0,0,0.20833333333333326,0.03125000000000003,bh_fdr_exploratory,0.7151741293532337,False
hugging-quants/Meta-Llama-3.1-8B-Instruct-AWQ-INT4,db1f81ad4b8c7e39777509fac66c652eb0a52f91,gsm_symbolic_official,B,substitute,real_word,anywhere,3,24,13,6,0,5,0.7916666666666666,0.5416666666666666,0.25,0.08333333333333337,0.45833333333333326,BCa,0.3157894736842105,0.6842105263157895,0.25,0.015624999999999879,exact_midp,0.4166666666666667,0.0,0,0.25,0.015624999999999879,bh_fdr_exploratory,0.7151741293532337,False
hugging-quants/Meta-Llama-3.1-8B-Instruct-AWQ-INT4,db1f81ad4b8c7e39777509fac66c652eb0a52f91,gsm_symbolic_official,B,substitute,real_word,anywhere,4,24,14,5,2,3,0.7916666666666666,0.6666666666666666,0.125,-0.08333333333333337,0.33333333333333337,BCa,0.2631578947368421,0.8421052631578947,0.2916666666666667,0.2890625,exact_midp,0.375,0.041666666666666664,0,0.08695652173913049,0.453125,bh_fdr_exploratory,0.7151741293532337,False
hugging-quants/Meta-Llama-3.1-8B-Instruct-AWQ-INT4,db1f81ad4b8c7e39777509fac66c652eb0a52f91,gsm_symbolic_official,C,substitute,keyboard_neighbor,anywhere,0,16,10,3,0,3,0.8125,0.625,0.1875,0.0625,0.4375,BCa,0.23076923076923078,0.7692307692307693,0.1875,0.125,exact_midp,0.8125,0.0,0,0.1875,0.125,bh_fdr_exploratory,0.7151741293532337,False
hugging-quants/Meta-Llama-3.1-8B-Instruct-AWQ-INT4,db1f81ad4b8c7e39777509fac66c652eb0a52f91,mmlu,A,delete,keyboard_neighbor,anywhere,1,24,15,0,1,8,0.625,0.6666666666666666,-0.04166666666666663,-0.16666666666666674,0.0,BCa,0.0,1.0666666666666667,0.041666666666666664,0.4999999999999999,exact_midp,0.08333333333333333,0.0,0,-0.04166666666666663,0.4999999999999999,bh_fdr_exploratory,0.7151741293532337,False
hugging-quants/Meta-Llama-3.1-8B-Instruct-AWQ-INT4,db1f81ad4b8c7e39777509fac66c652eb0a52f91,mmlu,A,delete,keyboard_neighbor,anywhere,2,24,13,2,1,8,0.625,0.5833333333333334,0.04166666666666663,-0.08333333333333337,0.16666666666666674,BCa,0.13333333333333333,0.9333333333333333,0.125,0.6249999999999999,exact_midp,0.25,0.041666666666666664,0,0.04347826086956519,0.6249999999999999,bh_fdr_exploratory,0.7274797570850203,False
hugging-quants/Meta-Llama-3.1-8B-Instruct-AWQ-INT4,db1f81ad4b8c7e39777509fac66c652eb0a52f91,mmlu,A,delete,keyboard_neighbor,anywhere,4,24,12,3,1,8,0.625,0.5416666666666666,0.08333333333333337,-0.04166666666666671,0.29166666666666663,BCa,0.2,0.8666666666666666,0.16666666666666666,0.375,exact_midp,0.2916666666666667,0.041666666666666664,0,0.08695652173913049,0.375,bh_fdr_exploratory,0.7151741293532337,False
hugging-quants/Meta-Llama-3.1-8B-Instruct-AWQ-INT4,db1f81ad4b8c7e39777509fac66c652eb0a52f91,mmlu,A,delete,whitespace,anywhere,1,24,14,1,0,9,0.625,0.5833333333333334,0.04166666666666663,0.0,0.16666666666666674,BCa,0.06666666666666667,0.9333333333333333,0.041666666666666664,0.4999999999999999,exact_midp,0.041666666666666664,0.0,0,0.04166666666666663,0.4999999999999999,bh_fdr_exploratory,0.7151741293532337,False
hugging-quants/Meta-Llama-3.1-8B-Instruct-AWQ-INT4,db1f81ad4b8c7e39777509fac66c652eb0a52f91,mmlu,A,delete,whitespace,anywhere,2,24,15,0,1,8,0.625,0.6666666666666666,-0.04166666666666663,-0.16666666666666674,0.0,BCa,0.0,1.0666666666666667,0.041666666666666664,0.4999999999999999,exact_midp,0.125,0.041666666666666664,0,-0.04347826086956519,0.4999999999999999,bh_fdr_exploratory,0.7151741293532337,False
hugging-quants/Meta-Llama-3.1-8B-Instruct-AWQ-INT4,db1f81ad4b8c7e39777509fac66c652eb0a52f91,mmlu,A,insert,filler_word,anywhere,1,24,14,1,0,9,0.625,0.5833333333333334,0.04166666666666663,0.0,0.16666666666666674,BCa,0.06666666666666667,0.9333333333333333,0.041666666666666664,0.4999999999999999,exact_midp,0.041666666666666664,0.0,0,0.04166666666666663,0.4999999999999999,bh_fdr_exploratory,0.7151741293532337,False
hugging-quants/Meta-Llama-3.1-8B-Instruct-AWQ-INT4,db1f81ad4b8c7e39777509fac66c652eb0a52f91,mmlu,A,insert,filler_word,anywhere,2,24,12,3,1,8,0.625,0.5416666666666666,0.08333333333333337,-0.041666666666666685,0.2916666666666667,BCa,0.2,0.8666666666666666,0.16666666666666666,0.375,exact_midp,0.20833333333333334,0.0,0,0.08333333333333337,0.375,bh_fdr_exploratory,0.7151741293532337,False
hugging-quants/Meta-Llama-3.1-8B-Instruct-AWQ-INT4,db1f81ad4b8c7e39777509fac66c652eb0a52f91,mmlu,A,insert,keyboard_neighbor,anywhere,1,24,14,1,2,7,0.625,0.6666666666666666,-0.04166666666666663,-0.16666666666666674,0.08333333333333337,BCa,0.06666666666666667,1.0666666666666667,0.125,0.6249999999999999,exact_midp,0.125,0.0,0,-0.04166666666666663,0.6249999999999999,bh_fdr_exploratory,0.7274797570850203,False
hugging-quants/Meta-Llama-3.1-8B-Instruct-AWQ-INT4,db1f81ad4b8c7e39777509fac66c652eb0a52f91,mmlu,A,insert,keyboard_neighbor,anywhere,2,24,13,2,1,8,0.625,0.5833333333333334,0.04166666666666663,-0.08333333333333337,0.16666666666666674,BCa,0.13333333333333333,0.9333333333333333,0.125,0.6249999999999999,exact_midp,0.20833333333333334,0.0,0,0.04166666666666663,0.6249999999999999,bh_fdr_exploratory,0.7274797570850203,False
hugging-quants/Meta-Llama-3.1-8B-Instruct-AWQ-INT4,db1f81ad4b8c7e39777509fac66c652eb0a52f91,mmlu,A,insert,keyboard_neighbor,anywhere,4,24,14,1,3,6,0.625,0.7083333333333334,-0.08333333333333337,-0.29166666666666663,0.04166666666666674,BCa,0.06666666666666667,1.1333333333333333,0.16666666666666666,0.375,exact_midp,0.25,0.041666666666666664,0,-0.08695652173913038,0.375,bh_fdr_exploratory,0.7151741293532337,False
hugging-quants/Meta-Llama-3.1-8B-Instruct-AWQ-INT4,db1f81ad4b8c7e39777509fac66c652eb0a52f91,mmlu,A,substitute,fragmentation_matched,anywhere,1,40,23,1,2,14,0.6,0.625,-0.025000000000000022,-0.125,0.04999999999999993,BCa,0.041666666666666664,1.0416666666666667,0.075,0.6249999999999999,exact_midp,0.15,0.025,0,-0.02564102564102566,0.6249999999999999,bh_fdr_exploratory,0.7274797570850203,False
hugging-quants/Meta-Llama-3.1-8B-Instruct-AWQ-INT4,db1f81ad4b8c7e39777509fac66c652eb0a52f91,mmlu,A,substitute,fragmentation_matched,anywhere,2,40,23,3,3,11,0.65,0.65,0.0,-0.125,0.125,BCa,0.11538461538461539,1.0,0.15,0.6875000000000002,exact_midp,0.175,0.0,0,0.0,0.6875000000000002,bh_fdr_exploratory,0.7661094961240312,False
hugging-quants/Meta-Llama-3.1-8B-Instruct-AWQ-INT4,db1f81ad4b8c7e39777509fac66c652eb0a52f91,mmlu,A,substitute,informative_word,answer_critical,1,24,13,2,2,7,0.625,0.625,0.0,-0.16666666666666663,0.16666666666666669,BCa,0.13333333333333333,1.0,0.16666666666666666,0.625,exact_midp,0.20833333333333334,0.0,0,0.0,0.625,bh_fdr_exploratory,0.7274797570850203,False
hugging-quants/Meta-Llama-3.1-8B-Instruct-AWQ-INT4,db1f81ad4b8c7e39777509fac66c652eb0a52f91,mmlu,A,substitute,informative_word,answer_critical,2,24,12,3,3,6,0.625,0.625,0.0,-0.20833333333333331,0.20833333333333331,BCa,0.2,1.0,0.25,0.6875000000000002,exact_midp,0.3333333333333333,0.0,0,0.0,0.6875000000000002,bh_fdr_exploratory,0.7661094961240312,False
hugging-quants/Meta-Llama-3.1-8B-Instruct-AWQ-INT4,db1f81ad4b8c7e39777509fac66c652eb0a52f91,mmlu,A,substitute,keyboard_neighbor,anywhere,1,24,13,2,0,9,0.625,0.5416666666666666,0.08333333333333337,0.0,0.2916666666666667,BCa,0.13333333333333333,0.8666666666666666,0.08333333333333333,0.25,exact_midp,0.125,0.041666666666666664,0,0.08695652173913049,0.25,bh_fdr_exploratory,0.7151741293532337,False
hugging-quants/Meta-Llama-3.1-8B-Instruct-AWQ-INT4,db1f81ad4b8c7e39777509fac66c652eb0a52f91,mmlu,A,substitute,keyboard_neighbor,anywhere,2,24,13,2,2,7,0.625,0.625,0.0,-0.16666666666666663,0.16666666666666669,BCa,0.13333333333333333,1.0,0.16666666666666666,0.625,exact_midp,0.20833333333333334,0.0,0,0.0,0.625,bh_fdr_exploratory,0.7274797570850203,False
hugging-quants/Meta-Llama-3.1-8B-Instruct-AWQ-INT4,db1f81ad4b8c7e39777509fac66c652eb0a52f91,mmlu,A,substitute,keyboard_neighbor,anywhere,4,24,12,3,3,6,0.625,0.625,0.0,-0.20833333333333331,0.20833333333333331,BCa,0.2,1.0,0.25,0.6875000000000002,exact_midp,0.3333333333333333,0.041666666666666664,0,0.0,0.6875000000000002,holm_within_model_primary,1.0,False
hugging-quants/Meta-Llama-3.1-8B-Instruct-AWQ-INT4,db1f81ad4b8c7e39777509fac66c652eb0a52f91,mmlu,A,substitute,keyboard_neighbor,anywhere,8,24,11,4,1,8,0.625,0.5,0.125,-0.04166666666666663,0.29166666666666674,BCa,0.26666666666666666,0.8,0.20833333333333334,0.21875000000000003,exact_midp,0.4166666666666667,0.0,0,0.125,0.21875000000000003,bh_fdr_exploratory,0.7151741293532337,False
hugging-quants/Meta-Llama-3.1-8B-Instruct-AWQ-INT4,db1f81ad4b8c7e39777509fac66c652eb0a52f91,mmlu,A,substitute,keyboard_neighbor,content,1,24,15,0,1,8,0.625,0.6666666666666666,-0.04166666666666663,-0.16666666666666674,0.0,BCa,0.0,1.0666666666666667,0.041666666666666664,0.4999999999999999,exact_midp,0.08333333333333333,0.0,0,-0.04166666666666663,0.4999999999999999,bh_fdr_exploratory,0.7151741293532337,False
hugging-quants/Meta-Llama-3.1-8B-Instruct-AWQ-INT4,db1f81ad4b8c7e39777509fac66c652eb0a52f91,mmlu,A,substitute,keyboard_neighbor,content,2,24,13,2,2,7,0.625,0.625,0.0,-0.16666666666666663,0.16666666666666663,BCa,0.13333333333333333,1.0,0.16666666666666666,0.625,exact_midp,0.16666666666666666,0.041666666666666664,0,-0.04347826086956519,0.6249999999999999,bh_fdr_exploratory,0.7274797570850203,False
hugging-quants/Meta-Llama-3.1-8B-Instruct-AWQ-INT4,db1f81ad4b8c7e39777509fac66c652eb0a52f91,mmlu,A,substitute,keyboard_neighbor,content,4,24,13,2,2,7,0.625,0.625,0.0,-0.16666666666666663,0.16666666666666663,BCa,0.13333333333333333,1.0,0.16666666666666666,0.625,exact_midp,0.20833333333333334,0.041666666666666664,0,0.0,0.625,bh_fdr_exploratory,0.7274797570850203,False
hugging-quants/Meta-Llama-3.1-8B-Instruct-AWQ-INT4,db1f81ad4b8c7e39777509fac66c652eb0a52f91,mmlu,A,transpose,keyboard_neighbor,anywhere,1,24,15,0,1,8,0.625,0.6666666666666666,-0.04166666666666663,-0.16666666666666674,0.0,BCa,0.0,1.0666666666666667,0.041666666666666664,0.4999999999999999,exact_midp,0.041666666666666664,0.0,0,-0.04166666666666663,0.4999999999999999,bh_fdr_exploratory,0.7151741293532337,False
hugging-quants/Meta-Llama-3.1-8B-Instruct-AWQ-INT4,db1f81ad4b8c7e39777509fac66c652eb0a52f91,mmlu,A,transpose,keyboard_neighbor,anywhere,2,24,14,1,1,8,0.625,0.625,0.0,-0.125,0.125,BCa,0.06666666666666667,1.0,0.08333333333333333,0.4999999999999998,exact_midp,0.20833333333333334,0.0,0,0.0,0.4999999999999998,bh_fdr_exploratory,0.7151741293532337,False
hugging-quants/Meta-Llama-3.1-8B-Instruct-AWQ-INT4,db1f81ad4b8c7e39777509fac66c652eb0a52f91,mmlu,A,transpose,keyboard_neighbor,anywhere,4,24,12,3,1,8,0.625,0.5416666666666666,0.08333333333333337,-0.041666666666666685,0.2916666666666667,BCa,0.2,0.8666666666666666,0.16666666666666666,0.375,exact_midp,0.2916666666666667,0.041666666666666664,0,0.0434782608695653,0.6249999999999999,bh_fdr_exploratory,0.7151741293532337,False
hugging-quants/Meta-Llama-3.1-8B-Instruct-AWQ-INT4,db1f81ad4b8c7e39777509fac66c652eb0a52f91,mmlu,B,substitute,homophone,anywhere,1,23,12,2,0,9,0.6086956521739131,0.5217391304347826,0.08695652173913049,0.04347826086956519,0.34782608695652173,BCa,0.14285714285714285,0.8571428571428571,0.08695652173913043,0.25,exact_midp,0.17391304347826086,0.0,0,0.08695652173913049,0.25,bh_fdr_exploratory,0.7151741293532337,False
hugging-quants/Meta-Llama-3.1-8B-Instruct-AWQ-INT4,db1f81ad4b8c7e39777509fac66c652eb0a52f91,mmlu,B,substitute,homophone,anywhere,2,22,13,0,1,8,0.5909090909090909,0.6363636363636364,-0.045454545454545414,-0.18181818181818188,0.0,BCa,0.0,1.0769230769230769,0.045454545454545456,0.4999999999999999,exact_midp,0.09090909090909091,0.0,0,-0.045454545454545414,0.4999999999999999,bh_fdr_exploratory,0.7151741293532337,False
hugging-quants/Meta-Llama-3.1-8B-Instruct-AWQ-INT4,db1f81ad4b8c7e39777509fac66c652eb0a52f91,mmlu,B,substitute,real_word,anywhere,2,24,14,1,0,9,0.625,0.5833333333333334,0.04166666666666663,0.0,0.16666666666666674,BCa,0.06666666666666667,0.9333333333333333,0.041666666666666664,0.4999999999999999,exact_midp,0.08333333333333333,0.041666666666666664,0,0.04347826086956519,0.4999999999999999,bh_fdr_exploratory,0.7151741293532337,False
hugging-quants/Meta-Llama-3.1-8B-Instruct-AWQ-INT4,db1f81ad4b8c7e39777509fac66c652eb0a52f91,mmlu,B,substitute,real_word,anywhere,3,24,14,1,0,9,0.625,0.5833333333333334,0.04166666666666663,0.0,0.16666666666666674,BCa,0.06666666666666667,0.9333333333333333,0.041666666666666664,0.4999999999999999,exact_midp,0.08333333333333333,0.041666666666666664,0,0.04347826086956519,0.4999999999999999,bh_fdr_exploratory,0.7151741293532337,False
hugging-quants/Meta-Llama-3.1-8B-Instruct-AWQ-INT4,db1f81ad4b8c7e39777509fac66c652eb0a52f91,mmlu,B,substitute,real_word,anywhere,4,24,9,6,2,7,0.625,0.4583333333333333,0.16666666666666669,-0.04166666666666663,0.41347739509751585,BCa,0.4,0.7333333333333333,0.3333333333333333,0.17968749999999994,exact_midp,0.4166666666666667,0.041666666666666664,0,0.17391304347826086,0.17968749999999994,bh_fdr_exploratory,0.7151741293532337,False
hugging-quants/Meta-Llama-3.1-8B-Instruct-AWQ-INT4,db1f81ad4b8c7e39777509fac66c652eb0a52f91,mmlu,C,substitute,keyboard_neighbor,anywhere,0,24,11,4,2,7,0.625,0.5416666666666666,0.08333333333333337,-0.08333333333333337,0.2916666666666667,BCa,0.26666666666666666,0.8666666666666666,0.25,0.453125,exact_midp,0.875,0.0,0,0.08333333333333337,0.453125,bh_fdr_exploratory,0.7151741293532337,False
hugging-quants/Meta-Llama-3.1-8B-Instruct-AWQ-INT4,db1f81ad4b8c7e39777509fac66c652eb0a52f91,mmlu_pro,A,delete,keyboard_neighbor,anywhere,1,24,3,2,3,16,0.20833333333333334,0.25,-0.04166666666666666,-0.20833333333333334,0.16666666666666666,BCa,0.4,1.2,0.20833333333333334,0.6875000000000002,exact_midp,0.4166666666666667,0.25,0,-0.16666666666666666,0.125,bh_fdr_exploratory,0.7661094961240312,False
hugging-quants/Meta-Llama-3.1-8B-Instruct-AWQ-INT4,db1f81ad4b8c7e39777509fac66c652eb0a52f91,mmlu_pro,A,delete,keyboard_neighbor,anywhere,2,24,2,3,1,18,0.20833333333333334,0.125,0.08333333333333334,-0.041666666666666685,0.25,BCa,0.6,0.6,0.16666666666666666,0.375,exact_midp,0.5416666666666666,0.25,0,0.0,0.4999999999999998,bh_fdr_exploratory,0.7151741293532337,False
hugging-quants/Meta-Llama-3.1-8B-Instruct-AWQ-INT4,db1f81ad4b8c7e39777509fac66c652eb0a52f91,mmlu_pro,A,delete,keyboard_neighbor,anywhere,4,24,1,4,5,14,0.20833333333333334,0.25,-0.04166666666666666,-0.29166666666666663,0.20833333333333337,BCa,0.8,1.2,0.375,0.7539062500000002,exact_midp,0.6666666666666666,0.20833333333333334,0,-0.15789473684210525,0.2890625,bh_fdr_exploratory,0.8257068452380956,False
hugging-quants/Meta-Llama-3.1-8B-Instruct-AWQ-INT4,db1f81ad4b8c7e39777509fac66c652eb0a52f91,mmlu_pro,A,delete,whitespace,anywhere,1,24,2,3,1,18,0.20833333333333334,0.125,0.08333333333333334,-0.041666666666666685,0.29166666666666663,BCa,0.6,0.6,0.16666666666666666,0.375,exact_midp,0.5416666666666666,0.16666666666666666,0,0.05000000000000002,0.6249999999999999,bh_fdr_exploratory,0.7151741293532337,False
hugging-quants/Meta-Llama-3.1-8B-Instruct-AWQ-INT4,db1f81ad4b8c7e39777509fac66c652eb0a52f91,mmlu_pro,A,delete,whitespace,anywhere,2,24,2,3,3,16,0.20833333333333334,0.20833333333333334,0.0,-0.20833333333333334,0.20833333333333334,BCa,0.6,1.0,0.25,0.6875000000000002,exact_midp,0.5416666666666666,0.20833333333333334,0,-0.05263157894736842,0.6875000000000002,bh_fdr_exploratory,0.7661094961240312,False
hugging-quants/Meta-Llama-3.1-8B-Instruct-AWQ-INT4,db1f81ad4b8c7e39777509fac66c652eb0a52f91,mmlu_pro,A,insert,filler_word,anywhere,1,24,2,3,2,17,0.20833333333333334,0.16666666666666666,0.041666666666666685,-0.125,0.25,BCa,0.6,0.7999999999999999,0.20833333333333334,0.6875000000000002,exact_midp,0.4166666666666667,0.25,0,-0.05555555555555555,0.6249999999999999,bh_fdr_exploratory,0.7661094961240312,False
hugging-quants/Meta-Llama-3.1-8B-Instruct-AWQ-INT4,db1f81ad4b8c7e39777509fac66c652eb0a52f91,mmlu_pro,A,insert,filler_word,anywhere,2,24,3,2,4,15,0.20833333333333334,0.2916666666666667,-0.08333333333333334,-0.2916666666666667,0.08333333333333334,BCa,0.4,1.4000000000000001,0.25,0.453125,exact_midp,0.4166666666666667,0.16666666666666666,0,-0.19999999999999998,0.062499999999999986,bh_fdr_exploratory,0.7151741293532337,False
hugging-quants/Meta-Llama-3.1-8B-Instruct-AWQ-INT4,db1f81ad4b8c7e39777509fac66c652eb0a52f91,mmlu_pro,A,insert,keyboard_neighbor,anywhere,1,24,3,2,2,17,0.20833333333333334,0.20833333333333334,0.0,-0.16666666666666669,0.16666666666666669,BCa,0.4,1.0,0.16666666666666666,0.625,exact_midp,0.5833333333333334,0.16666666666666666,0,-0.04999999999999999,0.6249999999999999,bh_fdr_exploratory,0.7274797570850203,False
hugging-quants/Meta-Llama-3.1-8B-Instruct-AWQ-INT4,db1f81ad4b8c7e39777509fac66c652eb0a52f91,mmlu_pro,A,insert,keyboard_neighbor,anywhere,2,24,2,3,4,15,0.20833333333333334,0.25,-0.04166666666666666,-0.25,0.20833333333333331,BCa,0.6,1.2,0.2916666666666667,0.7265625000000001,exact_midp,0.5833333333333334,0.08333333333333333,0,-0.09090909090909088,0.453125,bh_fdr_exploratory,0.79880198374761,False
hugging-quants/Meta-Llama-3.1-8B-Instruct-AWQ-INT4,db1f81ad4b8c7e39777509fac66c652eb0a52f91,mmlu_pro,A,insert,keyboard_neighbor,anywhere,4,24,2,3,4,15,0.20833333333333334,0.25,-0.04166666666666666,-0.25,0.20833333333333331,BCa,0.6,1.2,0.2916666666666667,0.7265625000000001,exact_midp,0.6666666666666666,0.16666666666666666,0,-0.15,0.21875000000000003,bh_fdr_exploratory,0.79880198374761,False
hugging-quants/Meta-Llama-3.1-8B-Instruct-AWQ-INT4,db1f81ad4b8c7e39777509fac66c652eb0a52f91,mmlu_pro,A,substitute,fragmentation_matched,anywhere,1,36,2,4,2,28,0.16666666666666666,0.1111111111111111,0.05555555555555555,-0.08333333333333333,0.19444444444444445,BCa,0.6666666666666666,0.6666666666666666,0.16666666666666666,0.453125,exact_midp,0.5,0.2777777777777778,0,-0.038461538461538464,0.6249999999999999,bh_fdr_exploratory,0.7151741293532337,False
hugging-quants/Meta-Llama-3.1-8B-Instruct-AWQ-INT4,db1f81ad4b8c7e39777509fac66c652eb0a52f91,mmlu_pro,A,substitute,fragmentation_matched,anywhere,2,44,3,5,3,33,0.18181818181818182,0.13636363636363635,0.04545454545454547,-0.06818181818181818,0.18181818181818182,BCa,0.625,0.7499999999999999,0.18181818181818182,0.5078125000000001,exact_midp,0.5227272727272727,0.20454545454545456,0,-0.05714285714285715,0.375,bh_fdr_exploratory,0.720968364197531,False
hugging-quants/Meta-Llama-3.1-8B-Instruct-AWQ-INT4,db1f81ad4b8c7e39777509fac66c652eb0a52f91,mmlu_pro,A,substitute,informative_word,answer_critical,1,24,1,4,1,18,0.20833333333333334,0.08333333333333333,0.125,-0.041666666666666664,0.3333333333333333,BCa,0.8,0.39999999999999997,0.20833333333333334,0.21875000000000003,exact_midp,0.5,0.20833333333333334,0,0.05263157894736842,0.6249999999999999,bh_fdr_exploratory,0.7151741293532337,False
hugging-quants/Meta-Llama-3.1-8B-Instruct-AWQ-INT4,db1f81ad4b8c7e39777509fac66c652eb0a52f91,mmlu_pro,A,substitute,informative_word,answer_critical,2,24,1,4,3,16,0.20833333333333334,0.16666666666666666,0.041666666666666685,-0.12500000000000003,0.2916666666666667,BCa,0.8,0.7999999999999999,0.2916666666666667,0.7265625000000001,exact_midp,0.75,0.16666666666666666,0,-0.05000000000000002,0.6875000000000002,bh_fdr_exploratory,0.79880198374761,False
hugging-quants/Meta-Llama-3.1-8B-Instruct-AWQ-INT4,db1f81ad4b8c7e39777509fac66c652eb0a52f91,mmlu_pro,A,substitute,keyboard_neighbor,anywhere,1,24,3,2,2,17,0.20833333333333334,0.20833333333333334,0.0,-0.16666666666666669,0.16666666666666669,BCa,0.4,1.0,0.16666666666666666,0.625,exact_midp,0.4166666666666667,0.125,0,-0.09523809523809523,0.25,bh_fdr_exploratory,0.7274797570850203,False
hugging-quants/Meta-Llama-3.1-8B-Instruct-AWQ-INT4,db1f81ad4b8c7e39777509fac66c652eb0a52f91,mmlu_pro,A,substitute,keyboard_neighbor,anywhere,2,24,4,1,4,15,0.20833333333333334,0.3333333333333333,-0.12499999999999997,-0.29166666666666663,0.08333333333333331,BCa,0.2,1.5999999999999999,0.20833333333333334,0.21875000000000003,exact_midp,0.375,0.125,0,-0.14285714285714285,0.21875000000000003,bh_fdr_exploratory,0.7151741293532337,False
hugging-quants/Meta-Llama-3.1-8B-Instruct-AWQ-INT4,db1f81ad4b8c7e39777509fac66c652eb0a52f91,mmlu_pro,A,substitute,keyboard_neighbor,anywhere,4,24,3,2,2,17,0.20833333333333334,0.20833333333333334,0.0,-0.16666666666666669,0.16666666666666669,BCa,0.4,1.0,0.16666666666666666,0.625,exact_midp,0.4166666666666667,0.125,0,-0.047619047619047616,0.6249999999999999,holm_within_model_primary,1.0,False
hugging-quants/Meta-Llama-3.1-8B-Instruct-AWQ-INT4,db1f81ad4b8c7e39777509fac66c652eb0a52f91,mmlu_pro,A,substitute,keyboard_neighbor,anywhere,8,24,2,3,5,14,0.20833333333333334,0.2916666666666667,-0.08333333333333334,-0.33333333333333326,0.125,BCa,0.6,1.4000000000000001,0.3333333333333333,0.5078125000000001,exact_midp,0.625,0.16666666666666666,0,-0.14999999999999997,0.2890625,bh_fdr_exploratory,0.720968364197531,False
hugging-quants/Meta-Llama-3.1-8B-Instruct-AWQ-INT4,db1f81ad4b8c7e39777509fac66c652eb0a52f91,mmlu_pro,A,substitute,keyboard_neighbor,content,1,24,3,2,3,16,0.20833333333333334,0.25,-0.04166666666666666,-0.20833333333333337,0.16666666666666666,BCa,0.4,1.2,0.20833333333333334,0.6875000000000002,exact_midp,0.5416666666666666,0.125,0,-0.09523809523809523,0.375,bh_fdr_exploratory,0.7661094961240312,False
hugging-quants/Meta-Llama-3.1-8B-Instruct-AWQ-INT4,db1f81ad4b8c7e39777509fac66c652eb0a52f91,mmlu_pro,A,substitute,keyboard_neighbor,content,2,24,1,4,2,17,0.20833333333333334,0.125,0.08333333333333334,-0.08333333333333334,0.2916666666666667,BCa,0.8,0.6,0.25,0.453125,exact_midp,0.5833333333333334,0.2916666666666667,0,0.0,0.625,bh_fdr_exploratory,0.7151741293532337,False
hugging-quants/Meta-Llama-3.1-8B-Instruct-AWQ-INT4,db1f81ad4b8c7e39777509fac66c652eb0a52f91,mmlu_pro,A,substitute,keyboard_neighbor,content,4,24,2,3,2,17,0.20833333333333334,0.16666666666666666,0.041666666666666685,-0.125,0.25,BCa,0.6,0.7999999999999999,0.20833333333333334,0.6875000000000002,exact_midp,0.625,0.16666666666666666,0,-0.05000000000000002,0.6249999999999999,bh_fdr_exploratory,0.7661094961240312,False
hugging-quants/Meta-Llama-3.1-8B-Instruct-AWQ-INT4,db1f81ad4b8c7e39777509fac66c652eb0a52f91,mmlu_pro,A,transpose,keyboard_neighbor,anywhere,1,24,2,3,3,16,0.20833333333333334,0.20833333333333334,0.0,-0.20833333333333337,0.20833333333333334,BCa,0.6,1.0,0.25,0.6875000000000002,exact_midp,0.4583333333333333,0.08333333333333333,0,-0.09090909090909091,0.375,bh_fdr_exploratory,0.7661094961240312,False
hugging-quants/Meta-Llama-3.1-8B-Instruct-AWQ-INT4,db1f81ad4b8c7e39777509fac66c652eb0a52f91,mmlu_pro,A,transpose,keyboard_neighbor,anywhere,2,24,2,3,5,14,0.20833333333333334,0.2916666666666667,-0.08333333333333334,-0.3333333333333333,0.125,BCa,0.6,1.4000000000000001,0.3333333333333333,0.5078125000000001,exact_midp,0.625,0.16666666666666666,0,-0.19999999999999998,0.12499999999999997,bh_fdr_exploratory,0.720968364197531,False
hugging-quants/Meta-Llama-3.1-8B-Instruct-AWQ-INT4,db1f81ad4b8c7e39777509fac66c652eb0a52f91,mmlu_pro,A,transpose,keyboard_neighbor,anywhere,4,24,2,3,1,18,0.20833333333333334,0.125,0.08333333333333334,-0.04166666666666667,0.29166666666666663,BCa,0.6,0.6,0.16666666666666666,0.375,exact_midp,0.5416666666666666,0.20833333333333334,0,0.0,0.4999999999999998,bh_fdr_exploratory,0.7151741293532337,False
hugging-quants/Meta-Llama-3.1-8B-Instruct-AWQ-INT4,db1f81ad4b8c7e39777509fac66c652eb0a52f91,mmlu_pro,B,substitute,homophone,anywhere,1,24,2,3,2,17,0.20833333333333334,0.16666666666666666,0.041666666666666685,-0.12499999999999997,0.25,BCa,0.6,0.7999999999999999,0.20833333333333334,0.6875000000000002,exact_midp,0.5416666666666666,0.2916666666666667,0,-0.05882352941176469,0.6249999999999999,bh_fdr_exploratory,0.7661094961240312,False
hugging-quants/Meta-Llama-3.1-8B-Instruct-AWQ-INT4,db1f81ad4b8c7e39777509fac66c652eb0a52f91,mmlu_pro,B,substitute,homophone,anywhere,2,23,4,0,3,16,0.17391304347826086,0.30434782608695654,-0.13043478260869568,-0.3631961357856833,-0.043478260869565216,BCa,0.0,1.7500000000000002,0.13043478260869565,0.125,exact_midp,0.4782608695652174,0.13043478260869565,0,-0.14999999999999997,0.125,bh_fdr_exploratory,0.7151741293532337,False
hugging-quants/Meta-Llama-3.1-8B-Instruct-AWQ-INT4,db1f81ad4b8c7e39777509fac66c652eb0a52f91,mmlu_pro,B,substitute,real_word,anywhere,2,24,1,4,3,16,0.20833333333333334,0.16666666666666666,0.041666666666666685,-0.16666666666666666,0.29166666666666663,BCa,0.8,0.7999999999999999,0.2916666666666667,0.7265625000000001,exact_midp,0.5416666666666666,0.20833333333333334,0,-0.05263157894736842,0.6875000000000002,bh_fdr_exploratory,0.79880198374761,False
hugging-quants/Meta-Llama-3.1-8B-Instruct-AWQ-INT4,db1f81ad4b8c7e39777509fac66c652eb0a52f91,mmlu_pro,B,substitute,real_word,anywhere,3,24,2,3,4,15,0.20833333333333334,0.25,-0.04166666666666666,-0.25,0.16666666666666669,BCa,0.6,1.2,0.2916666666666667,0.7265625000000001,exact_midp,0.5833333333333334,0.20833333333333334,0,-0.15789473684210525,0.21875000000000003,bh_fdr_exploratory,0.79880198374761,False
hugging-quants/Meta-Llama-3.1-8B-Instruct-AWQ-INT4,db1f81ad4b8c7e39777509fac66c652eb0a52f91,mmlu_pro,B,substitute,real_word,anywhere,4,24,2,3,2,17,0.20833333333333334,0.16666666666666666,0.041666666666666685,-0.12499999999999999,0.25,BCa,0.6,0.7999999999999999,0.20833333333333334,0.6875000000000002,exact_midp,0.4166666666666667,0.16666666666666666,0,0.0,0.625,bh_fdr_exploratory,0.7661094961240312,False
hugging-quants/Meta-Llama-3.1-8B-Instruct-AWQ-INT4,db1f81ad4b8c7e39777509fac66c652eb0a52f91,mmlu_pro,C,substitute,keyboard_neighbor,anywhere,0,24,4,1,3,16,0.20833333333333334,0.2916666666666667,-0.08333333333333334,-0.29166666666666663,0.041666666666666685,BCa,0.2,1.4000000000000001,0.16666666666666666,0.375,exact_midp,0.6666666666666666,0.125,0,-0.09523809523809523,0.375,bh_fdr_exploratory,0.7151741293532337,False
meta-llama/Llama-3.2-1B-Instruct,9213176726f574b556790deb65791e0c5aa438b6,gsm8k,A,delete,keyboard_neighbor,anywhere,1,24,6,1,1,16,0.2916666666666667,0.2916666666666667,0.0,-0.125,0.125,BCa,0.14285714285714285,1.0,0.08333333333333333,0.4999999999999998,exact_midp,0.3333333333333333,0.0,0,0.0,0.4999999999999998,bh_fdr_exploratory,0.7151741293532337,False
meta-llama/Llama-3.2-1B-Instruct,9213176726f574b556790deb65791e0c5aa438b6,gsm8k,A,delete,keyboard_neighbor,anywhere,2,24,5,2,1,16,0.2916666666666667,0.25,0.041666666666666685,-0.08333333333333331,0.20833333333333334,BCa,0.2857142857142857,0.8571428571428571,0.125,0.6249999999999999,exact_midp,0.3333333333333333,0.0,0,0.041666666666666685,0.6249999999999999,bh_fdr_exploratory,0.7274797570850203,False
meta-llama/Llama-3.2-1B-Instruct,9213176726f574b556790deb65791e0c5aa438b6,gsm8k,A,delete,keyboard_neighbor,anywhere,4,24,3,4,0,17,0.2916666666666667,0.125,0.16666666666666669,0.041666666666666685,0.375,BCa,0.5714285714285714,0.42857142857142855,0.16666666666666666,0.062499999999999986,exact_midp,0.6666666666666666,0.0,0,0.16666666666666669,0.062499999999999986,bh_fdr_exploratory,0.7151741293532337,False
meta-llama/Llama-3.2-1B-Instruct,9213176726f574b556790deb65791e0c5aa438b6,gsm8k,A,delete,whitespace,anywhere,1,24,7,0,0,17,0.2916666666666667,0.2916666666666667,0.0,0.0,0.0,percentile,0.0,1.0,0.0,1.0,exact_midp,0.25,0.0,0,0.0,1.0,bh_fdr_exploratory,1.0,False
meta-llama/Llama-3.2-1B-Instruct,9213176726f574b556790deb65791e0c5aa438b6,gsm8k,A,delete,whitespace,anywhere,2,24,5,2,0,17,0.2916666666666667,0.20833333333333334,0.08333333333333334,0.0,0.29166666666666663,BCa,0.2857142857142857,0.7142857142857143,0.08333333333333333,0.25,exact_midp,0.3333333333333333,0.0,0,0.08333333333333334,0.25,bh_fdr_exploratory,0.7151741293532337,False
meta-llama/Llama-3.2-1B-Instruct,9213176726f574b556790deb65791e0c5aa438b6,gsm8k,A,insert,filler_word,anywhere,1,24,5,2,0,17,0.2916666666666667,0.20833333333333334,0.08333333333333334,0.0,0.29166666666666663,BCa,0.2857142857142857,0.7142857142857143,0.08333333333333333,0.25,exact_midp,0.20833333333333334,0.0,0,0.08333333333333334,0.25,bh_fdr_exploratory,0.7151741293532337,False
meta-llama/Llama-3.2-1B-Instruct,9213176726f574b556790deb65791e0c5aa438b6,gsm8k,A,insert,filler_word,anywhere,2,24,7,0,0,17,0.2916666666666667,0.2916666666666667,0.0,0.0,0.0,percentile,0.0,1.0,0.0,1.0,exact_midp,0.3333333333333333,0.0,0,0.0,1.0,bh_fdr_exploratory,1.0,False
meta-llama/Llama-3.2-1B-Instruct,9213176726f574b556790deb65791e0c5aa438b6,gsm8k,A,insert,keyboard_neighbor,anywhere,1,24,5,2,0,17,0.2916666666666667,0.20833333333333334,0.08333333333333334,0.0,0.2916666666666667,BCa,0.2857142857142857,0.7142857142857143,0.08333333333333333,0.25,exact_midp,0.3333333333333333,0.0,0,0.08333333333333334,0.25,bh_fdr_exploratory,0.7151741293532337,False
meta-llama/Llama-3.2-1B-Instruct,9213176726f574b556790deb65791e0c5aa438b6,gsm8k,A,insert,keyboard_neighbor,anywhere,2,24,5,2,0,17,0.2916666666666667,0.20833333333333334,0.08333333333333334,0.0,0.2916666666666667,BCa,0.2857142857142857,0.7142857142857143,0.08333333333333333,0.25,exact_midp,0.2916666666666667,0.0,0,0.08333333333333334,0.25,bh_fdr_exploratory,0.7151741293532337,False
meta-llama/Llama-3.2-1B-Instruct,9213176726f574b556790deb65791e0c5aa438b6,gsm8k,A,insert,keyboard_neighbor,anywhere,4,24,4,3,0,17,0.2916666666666667,0.16666666666666666,0.12500000000000003,0.041666666666666685,0.375,BCa,0.42857142857142855,0.5714285714285714,0.125,0.125,exact_midp,0.375,0.0,0,0.12500000000000003,0.125,bh_fdr_exploratory,0.7151741293532337,False
meta-llama/Llama-3.2-1B-Instruct,9213176726f574b556790deb65791e0c5aa438b6,gsm8k,A,substitute,fragmentation_matched,anywhere,1,42,8,2,1,31,0.23809523809523808,0.21428571428571427,0.023809523809523808,-0.047619047619047616,0.11904761904761904,BCa,0.2,0.9,0.07142857142857142,0.6249999999999999,exact_midp,0.40476190476190477,0.0,0,0.023809523809523808,0.6249999999999999,bh_fdr_exploratory,0.7274797570850203,False
meta-llama/Llama-3.2-1B-Instruct,9213176726f574b556790deb65791e0c5aa438b6,gsm8k,A,substitute,fragmentation_matched,anywhere,2,48,12,2,3,31,0.2916666666666667,0.3125,-0.020833333333333315,-0.10416666666666669,0.08333333333333331,BCa,0.14285714285714285,1.0714285714285714,0.10416666666666667,0.6875000000000002,exact_midp,0.4166666666666667,0.0,0,-0.020833333333333315,0.6875000000000002,bh_fdr_exploratory,0.7661094961240312,False
meta-llama/Llama-3.2-1B-Instruct,9213176726f574b556790deb65791e0c5aa438b6,gsm8k,A,substitute,informative_word,answer_critical,1,24,6,1,1,16,0.2916666666666667,0.2916666666666667,0.0,-0.125,0.125,BCa,0.14285714285714285,1.0,0.08333333333333333,0.4999999999999998,exact_midp,0.375,0.0,0,0.0,0.4999999999999998,bh_fdr_exploratory,0.7151741293532337,False
meta-llama/Llama-3.2-1B-Instruct,9213176726f574b556790deb65791e0c5aa438b6,gsm8k,A,substitute,informative_word,answer_critical,2,24,4,3,1,16,0.2916666666666667,0.20833333333333334,0.08333333333333334,-0.041666666666666685,0.29166666666666663,BCa,0.42857142857142855,0.7142857142857143,0.16666666666666666,0.375,exact_midp,0.4583333333333333,0.0,0,0.08333333333333334,0.375,bh_fdr_exploratory,0.7151741293532337,False
meta-llama/Llama-3.2-1B-Instruct,9213176726f574b556790deb65791e0c5aa438b6,gsm8k,A,substitute,keyboard_neighbor,anywhere,1,24,6,1,0,17,0.2916666666666667,0.25,0.041666666666666685,0.0,0.25,BCa,0.14285714285714285,0.8571428571428571,0.041666666666666664,0.4999999999999999,exact_midp,0.3333333333333333,0.0,0,0.041666666666666685,0.4999999999999999,bh_fdr_exploratory,0.7151741293532337,False
meta-llama/Llama-3.2-1B-Instruct,9213176726f574b556790deb65791e0c5aa438b6,gsm8k,A,substitute,keyboard_neighbor,anywhere,2,24,5,2,0,17,0.2916666666666667,0.20833333333333334,0.08333333333333334,0.0,0.29166666666666663,BCa,0.2857142857142857,0.7142857142857143,0.08333333333333333,0.25,exact_midp,0.5,0.0,0,0.08333333333333334,0.25,holm_within_model_primary,0.75,False
meta-llama/Llama-3.2-1B-Instruct,9213176726f574b556790deb65791e0c5aa438b6,gsm8k,A,substitute,keyboard_neighbor,anywhere,4,24,2,5,2,15,0.2916666666666667,0.16666666666666666,0.12500000000000003,-0.041666666666666685,0.375,BCa,0.7142857142857143,0.5714285714285714,0.2916666666666667,0.2890625,exact_midp,0.6666666666666666,0.0,0,0.12500000000000003,0.2890625,bh_fdr_exploratory,0.7151741293532337,False
meta-llama/Llama-3.2-1B-Instruct,9213176726f574b556790deb65791e0c5aa438b6,gsm8k,A,substitute,keyboard_neighbor,anywhere,8,24,5,2,0,17,0.2916666666666667,0.20833333333333334,0.08333333333333334,0.0,0.2916666666666667,BCa,0.2857142857142857,0.7142857142857143,0.08333333333333333,0.25,exact_midp,0.7083333333333334,0.0,0,0.08333333333333334,0.25,bh_fdr_exploratory,0.7151741293532337,False
meta-llama/Llama-3.2-1B-Instruct,9213176726f574b556790deb65791e0c5aa438b6,gsm8k,A,substitute,keyboard_neighbor,content,1,24,7,0,1,16,0.2916666666666667,0.3333333333333333,-0.04166666666666663,-0.16666666666666663,0.0,BCa,0.0,1.1428571428571428,0.041666666666666664,0.4999999999999999,exact_midp,0.20833333333333334,0.0,0,-0.04166666666666663,0.4999999999999999,bh_fdr_exploratory,0.7151741293532337,False
meta-llama/Llama-3.2-1B-Instruct,9213176726f574b556790deb65791e0c5aa438b6,gsm8k,A,substitute,keyboard_neighbor,content,2,24,6,1,0,17,0.2916666666666667,0.25,0.041666666666666685,0.0,0.25,BCa,0.14285714285714285,0.8571428571428571,0.041666666666666664,0.4999999999999999,exact_midp,0.5416666666666666,0.0,0,0.041666666666666685,0.4999999999999999,bh_fdr_exploratory,0.7151741293532337,False
meta-llama/Llama-3.2-1B-Instruct,9213176726f574b556790deb65791e0c5aa438b6,gsm8k,A,substitute,keyboard_neighbor,content,4,24,1,6,2,15,0.2916666666666667,0.125,0.16666666666666669,-0.041666666666666685,0.41666666666666663,BCa,0.8571428571428571,0.42857142857142855,0.3333333333333333,0.17968749999999994,exact_midp,0.7916666666666666,0.0,0,0.16666666666666669,0.17968749999999994,bh_fdr_exploratory,0.7151741293532337,False
meta-llama/Llama-3.2-1B-Instruct,9213176726f574b556790deb65791e0c5aa438b6,gsm8k,A,transpose,keyboard_neighbor,anywhere,1,24,6,1,0,17,0.2916666666666667,0.25,0.041666666666666685,0.0,0.2387574361658456,BCa,0.14285714285714285,0.8571428571428571,0.041666666666666664,0.4999999999999999,exact_midp,0.375,0.0,0,0.041666666666666685,0.4999999999999999,bh_fdr_exploratory,0.7151741293532337,False
meta-llama/Llama-3.2-1B-Instruct,9213176726f574b556790deb65791e0c5aa438b6,gsm8k,A,transpose,keyboard_neighbor,anywhere,2,24,5,2,0,17,0.2916666666666667,0.20833333333333334,0.08333333333333334,0.0,0.29166666666666663,BCa,0.2857142857142857,0.7142857142857143,0.08333333333333333,0.25,exact_midp,0.4583333333333333,0.0,0,0.08333333333333334,0.25,bh_fdr_exploratory,0.7151741293532337,False
meta-llama/Llama-3.2-1B-Instruct,9213176726f574b556790deb65791e0c5aa438b6,gsm8k,A,transpose,keyboard_neighbor,anywhere,4,24,5,2,0,17,0.2916666666666667,0.20833333333333334,0.08333333333333334,0.0,0.29166666666666663,BCa,0.2857142857142857,0.7142857142857143,0.08333333333333333,0.25,exact_midp,0.625,0.0,0,0.08333333333333334,0.25,bh_fdr_exploratory,0.7151741293532337,False
meta-llama/Llama-3.2-1B-Instruct,9213176726f574b556790deb65791e0c5aa438b6,gsm8k,B,substitute,homophone,anywhere,1,24,5,2,0,17,0.2916666666666667,0.20833333333333334,0.08333333333333334,0.0,0.2916666666666667,BCa,0.2857142857142857,0.7142857142857143,0.08333333333333333,0.25,exact_midp,0.4166666666666667,0.0,0,0.08333333333333334,0.25,bh_fdr_exploratory,0.7151741293532337,False
meta-llama/Llama-3.2-1B-Instruct,9213176726f574b556790deb65791e0c5aa438b6,gsm8k,B,substitute,homophone,anywhere,2,24,3,4,2,15,0.2916666666666667,0.20833333333333334,0.08333333333333334,-0.08333333333333334,0.2916666666666667,BCa,0.5714285714285714,0.7142857142857143,0.25,0.453125,exact_midp,0.5416666666666666,0.0,0,0.08333333333333334,0.453125,bh_fdr_exploratory,0.7151741293532337,False
meta-llama/Llama-3.2-1B-Instruct,9213176726f574b556790deb65791e0c5aa438b6,gsm8k,B,substitute,real_word,anywhere,2,24,5,2,2,15,0.2916666666666667,0.2916666666666667,0.0,-0.16666666666666666,0.16666666666666666,BCa,0.2857142857142857,1.0,0.16666666666666666,0.625,exact_midp,0.5416666666666666,0.0,0,0.0,0.625,bh_fdr_exploratory,0.7274797570850203,False
meta-llama/Llama-3.2-1B-Instruct,9213176726f574b556790deb65791e0c5aa438b6,gsm8k,B,substitute,real_word,anywhere,3,24,4,3,0,17,0.2916666666666667,0.16666666666666666,0.12500000000000003,0.04166666666666667,0.375,BCa,0.42857142857142855,0.5714285714285714,0.125,0.125,exact_midp,0.5833333333333334,0.0,0,0.12500000000000003,0.125,bh_fdr_exploratory,0.7151741293532337,False
meta-llama/Llama-3.2-1B-Instruct,9213176726f574b556790deb65791e0c5aa438b6,gsm8k,B,substitute,real_word,anywhere,4,24,3,4,2,15,0.2916666666666667,0.20833333333333334,0.08333333333333334,-0.08333333333333334,0.2916666666666667,BCa,0.5714285714285714,0.7142857142857143,0.25,0.453125,exact_midp,0.8333333333333334,0.0,0,0.08333333333333334,0.453125,bh_fdr_exploratory,0.7151741293532337,False
meta-llama/Llama-3.2-1B-Instruct,9213176726f574b556790deb65791e0c5aa438b6,gsm_symbolic_official,A,delete,keyboard_neighbor,anywhere,1,24,2,2,1,19,0.16666666666666666,0.125,0.04166666666666666,-0.125,0.16666666666666669,BCa,0.5,0.75,0.125,0.6249999999999999,exact_midp,0.5,0.0,0,0.04166666666666666,0.6249999999999999,bh_fdr_exploratory,0.7274797570850203,False
meta-llama/Llama-3.2-1B-Instruct,9213176726f574b556790deb65791e0c5aa438b6,gsm_symbolic_official,A,delete,keyboard_neighbor,anywhere,2,24,2,2,1,19,0.16666666666666666,0.125,0.04166666666666666,-0.125,0.16666666666666669,BCa,0.5,0.75,0.125,0.6249999999999999,exact_midp,0.625,0.0,0,0.04166666666666666,0.6249999999999999,bh_fdr_exploratory,0.7274797570850203,False
meta-llama/Llama-3.2-1B-Instruct,9213176726f574b556790deb65791e0c5aa438b6,gsm_symbolic_official,A,delete,keyboard_neighbor,anywhere,4,24,1,3,1,19,0.16666666666666666,0.08333333333333333,0.08333333333333333,-0.08333333333333334,0.25,BCa,0.75,0.5,0.16666666666666666,0.375,exact_midp,0.8333333333333334,0.0,0,0.08333333333333333,0.375,bh_fdr_exploratory,0.7151741293532337,False
meta-llama/Llama-3.2-1B-Instruct,9213176726f574b556790deb65791e0c5aa438b6,gsm_symbolic_official,A,delete,whitespace,anywhere,1,24,4,0,1,19,0.16666666666666666,0.20833333333333334,-0.041666666666666685,-0.25,0.0,BCa,0.0,1.2500000000000002,0.041666666666666664,0.4999999999999999,exact_midp,0.25,0.0,0,-0.041666666666666685,0.4999999999999999,bh_fdr_exploratory,0.7151741293532337,False
meta-llama/Llama-3.2-1B-Instruct,9213176726f574b556790deb65791e0c5aa438b6,gsm_symbolic_official,A,delete,whitespace,anywhere,2,24,2,2,0,20,0.16666666666666666,0.08333333333333333,0.08333333333333333,0.0,0.20833333333333337,BCa,0.5,0.5,0.08333333333333333,0.25,exact_midp,0.5416666666666666,0.0,0,0.08333333333333333,0.25,bh_fdr_exploratory,0.7151741293532337,False
meta-llama/Llama-3.2-1B-Instruct,9213176726f574b556790deb65791e0c5aa438b6,gsm_symbolic_official,A,insert,filler_word,anywhere,1,24,4,0,0,20,0.16666666666666666,0.16666666666666666,0.0,0.0,0.0,percentile,0.0,1.0,0.0,1.0,exact_midp,0.4166666666666667,0.0,0,0.0,1.0,bh_fdr_exploratory,1.0,False
meta-llama/Llama-3.2-1B-Instruct,9213176726f574b556790deb65791e0c5aa438b6,gsm_symbolic_official,A,insert,filler_word,anywhere,2,24,3,1,2,18,0.16666666666666666,0.20833333333333334,-0.041666666666666685,-0.2262643738817533,0.041666666666666685,BCa,0.25,1.2500000000000002,0.125,0.6249999999999999,exact_midp,0.5,0.0,0,-0.041666666666666685,0.6249999999999999,bh_fdr_exploratory,0.7274797570850203,False
meta-llama/Llama-3.2-1B-Instruct,9213176726f574b556790deb65791e0c5aa438b6,gsm_symbolic_official,A,insert,keyboard_neighbor,anywhere,1,24,3,1,1,19,0.16666666666666666,0.16666666666666666,0.0,-0.125,0.125,BCa,0.25,1.0,0.08333333333333333,0.4999999999999998,exact_midp,0.375,0.0,0,0.0,0.4999999999999998,bh_fdr_exploratory,0.7151741293532337,False
meta-llama/Llama-3.2-1B-Instruct,9213176726f574b556790deb65791e0c5aa438b6,gsm_symbolic_official,A,insert,keyboard_neighbor,anywhere,2,24,3,1,1,19,0.16666666666666666,0.16666666666666666,0.0,-0.125,0.125,BCa,0.25,1.0,0.08333333333333333,0.4999999999999998,exact_midp,0.5833333333333334,0.0,0,0.0,0.4999999999999998,bh_fdr_exploratory,0.7151741293532337,False
meta-llama/Llama-3.2-1B-Instruct,9213176726f574b556790deb65791e0c5aa438b6,gsm_symbolic_official,A,insert,keyboard_neighbor,anywhere,4,24,4,0,1,19,0.16666666666666666,0.20833333333333334,-0.041666666666666685,-0.25,0.0,BCa,0.0,1.2500000000000002,0.041666666666666664,0.4999999999999999,exact_midp,0.625,0.0,0,-0.041666666666666685,0.4999999999999999,bh_fdr_exploratory,0.7151741293532337,False
meta-llama/Llama-3.2-1B-Instruct,9213176726f574b556790deb65791e0c5aa438b6,gsm_symbolic_official,A,substitute,fragmentation_matched,anywhere,1,42,6,2,1,33,0.19047619047619047,0.16666666666666666,0.023809523809523808,-0.047619047619047616,0.11904761904761904,BCa,0.25,0.875,0.07142857142857142,0.6249999999999999,exact_midp,0.47619047619047616,0.0,0,0.023809523809523808,0.6249999999999999,bh_fdr_exploratory,0.7274797570850203,False
meta-llama/Llama-3.2-1B-Instruct,9213176726f574b556790deb65791e0c5aa438b6,gsm_symbolic_official,A,substitute,fragmentation_matched,anywhere,2,46,4,4,2,36,0.17391304347826086,0.13043478260869565,0.043478260869565216,-0.06521739130434781,0.15217391304347827,BCa,0.5,0.75,0.13043478260869565,0.453125,exact_midp,0.6739130434782609,0.0,0,0.043478260869565216,0.453125,bh_fdr_exploratory,0.7151741293532337,False
meta-llama/Llama-3.2-1B-Instruct,9213176726f574b556790deb65791e0c5aa438b6,gsm_symbolic_official,A,substitute,informative_word,answer_critical,1,24,3,1,1,19,0.16666666666666666,0.16666666666666666,0.0,-0.125,0.125,BCa,0.25,1.0,0.08333333333333333,0.4999999999999998,exact_midp,0.5,0.0,0,0.0,0.4999999999999998,bh_fdr_exploratory,0.7151741293532337,False
meta-llama/Llama-3.2-1B-Instruct,9213176726f574b556790deb65791e0c5aa438b6,gsm_symbolic_official,A,substitute,informative_word,answer_critical,2,24,2,2,1,19,0.16666666666666666,0.125,0.04166666666666666,-0.125,0.16666666666666669,BCa,0.5,0.75,0.125,0.6249999999999999,exact_midp,0.7083333333333334,0.0,0,0.04166666666666666,0.6249999999999999,bh_fdr_exploratory,0.7274797570850203,False
meta-llama/Llama-3.2-1B-Instruct,9213176726f574b556790deb65791e0c5aa438b6,gsm_symbolic_official,A,substitute,keyboard_neighbor,anywhere,1,24,4,0,1,19,0.16666666666666666,0.20833333333333334,-0.041666666666666685,-0.25,0.0,BCa,0.0,1.2500000000000002,0.041666666666666664,0.4999999999999999,exact_midp,0.25,0.0,0,-0.041666666666666685,0.4999999999999999,bh_fdr_exploratory,0.7151741293532337,False
meta-llama/Llama-3.2-1B-Instruct,9213176726f574b556790deb65791e0c5aa438b6,gsm_symbolic_official,A,substitute,keyboard_neighbor,anywhere,2,24,4,0,1,19,0.16666666666666666,0.20833333333333334,-0.041666666666666685,-0.25,0.0,BCa,0.0,1.2500000000000002,0.041666666666666664,0.4999999999999999,exact_midp,0.5416666666666666,0.0,0,-0.041666666666666685,0.4999999999999999,holm_within_model_primary,0.75,False
meta-llama/Llama-3.2-1B-Instruct,9213176726f574b556790deb65791e0c5aa438b6,gsm_symbolic_official,A,substitute,keyboard_neighbor,anywhere,4,24,3,1,0,20,0.16666666666666666,0.125,0.04166666666666666,0.0,0.16666666666666669,BCa,0.25,0.75,0.041666666666666664,0.4999999999999999,exact_midp,0.75,0.0,0,0.04166666666666666,0.4999999999999999,bh_fdr_exploratory,0.7151741293532337,False
meta-llama/Llama-3.2-1B-Instruct,9213176726f574b556790deb65791e0c5aa438b6,gsm_symbolic_official,A,substitute,keyboard_neighbor,anywhere,8,24,1,3,0,20,0.16666666666666666,0.041666666666666664,0.125,0.041666666666666664,0.2916666666666667,BCa,0.75,0.25,0.125,0.125,exact_midp,0.875,0.0,0,0.125,0.125,bh_fdr_exploratory,0.7151741293532337,False
meta-llama/Llama-3.2-1B-Instruct,9213176726f574b556790deb65791e0c5aa438b6,gsm_symbolic_official,A,substitute,keyboard_neighbor,content,1,24,3,1,0,20,0.16666666666666666,0.125,0.04166666666666666,0.0,0.16666666666666669,BCa,0.25,0.75,0.041666666666666664,0.4999999999999999,exact_midp,0.4583333333333333,0.0,0,0.04166666666666666,0.4999999999999999,bh_fdr_exploratory,0.7151741293532337,False
meta-llama/Llama-3.2-1B-Instruct,9213176726f574b556790deb65791e0c5aa438b6,gsm_symbolic_official,A,substitute,keyboard_neighbor,content,2,24,2,2,1,19,0.16666666666666666,0.125,0.04166666666666666,-0.125,0.16666666666666669,BCa,0.5,0.75,0.125,0.6249999999999999,exact_midp,0.625,0.0,0,0.04166666666666666,0.6249999999999999,bh_fdr_exploratory,0.7274797570850203,False
meta-llama/Llama-3.2-1B-Instruct,9213176726f574b556790deb65791e0c5aa438b6,gsm_symbolic_official,A,substitute,keyboard_neighbor,content,4,24,2,2,1,19,0.16666666666666666,0.125,0.04166666666666666,-0.125,0.16666666666666669,BCa,0.5,0.75,0.125,0.6249999999999999,exact_midp,0.8333333333333334,0.0,0,0.04166666666666666,0.6249999999999999,bh_fdr_exploratory,0.7274797570850203,False
meta-llama/Llama-3.2-1B-Instruct,9213176726f574b556790deb65791e0c5aa438b6,gsm_symbolic_official,A,transpose,keyboard_neighbor,anywhere,1,24,4,0,1,19,0.16666666666666666,0.20833333333333334,-0.041666666666666685,-0.25,0.0,BCa,0.0,1.2500000000000002,0.041666666666666664,0.4999999999999999,exact_midp,0.4166666666666667,0.0,0,-0.041666666666666685,0.4999999999999999,bh_fdr_exploratory,0.7151741293532337,False
meta-llama/Llama-3.2-1B-Instruct,9213176726f574b556790deb65791e0c5aa438b6,gsm_symbolic_official,A,transpose,keyboard_neighbor,anywhere,2,24,3,1,2,18,0.16666666666666666,0.20833333333333334,-0.041666666666666685,-0.25,0.041666666666666685,BCa,0.25,1.2500000000000002,0.125,0.6249999999999999,exact_midp,0.625,0.0,0,-0.041666666666666685,0.6249999999999999,bh_fdr_exploratory,0.7274797570850203,False
meta-llama/Llama-3.2-1B-Instruct,9213176726f574b556790deb65791e0c5aa438b6,gsm_symbolic_official,A,transpose,keyboard_neighbor,anywhere,4,24,3,1,0,20,0.16666666666666666,0.125,0.04166666666666666,0.0,0.16666666666666669,BCa,0.25,0.75,0.041666666666666664,0.4999999999999999,exact_midp,0.75,0.0,0,0.04166666666666666,0.4999999999999999,bh_fdr_exploratory,0.7151741293532337,False
meta-llama/Llama-3.2-1B-Instruct,9213176726f574b556790deb65791e0c5aa438b6,gsm_symbolic_official,B,substitute,homophone,anywhere,1,24,3,1,1,19,0.16666666666666666,0.16666666666666666,0.0,-0.125,0.125,BCa,0.25,1.0,0.08333333333333333,0.4999999999999998,exact_midp,0.5,0.0,0,0.0,0.4999999999999998,bh_fdr_exploratory,0.7151741293532337,False
meta-llama/Llama-3.2-1B-Instruct,9213176726f574b556790deb65791e0c5aa438b6,gsm_symbolic_official,B,substitute,homophone,anywhere,2,24,2,2,2,18,0.16666666666666666,0.16666666666666666,0.0,-0.16666666666666669,0.16666666666666669,BCa,0.5,1.0,0.16666666666666666,0.625,exact_midp,0.625,0.0,0,0.0,0.625,bh_fdr_exploratory,0.7274797570850203,False
meta-llama/Llama-3.2-1B-Instruct,9213176726f574b556790deb65791e0c5aa438b6,gsm_symbolic_official,B,substitute,real_word,anywhere,2,24,2,2,0,20,0.16666666666666666,0.08333333333333333,0.08333333333333333,0.0,0.20833333333333337,BCa,0.5,0.5,0.08333333333333333,0.25,exact_midp,0.625,0.0,0,0.08333333333333333,0.25,bh_fdr_exploratory,0.7151741293532337,False
meta-llama/Llama-3.2-1B-Instruct,9213176726f574b556790deb65791e0c5aa438b6,gsm_symbolic_official,B,substitute,real_word,anywhere,3,24,2,2,1,19,0.16666666666666666,0.125,0.04166666666666666,-0.125,0.16666666666666669,BCa,0.5,0.75,0.125,0.6249999999999999,exact_midp,0.8333333333333334,0.0,0,0.04166666666666666,0.6249999999999999,bh_fdr_exploratory,0.7274797570850203,False
meta-llama/Llama-3.2-1B-Instruct,9213176726f574b556790deb65791e0c5aa438b6,gsm_symbolic_official,B,substitute,real_word,anywhere,4,24,1,3,1,19,0.16666666666666666,0.08333333333333333,0.08333333333333333,-0.08333333333333334,0.25,BCa,0.75,0.5,0.16666666666666666,0.375,exact_midp,0.875,0.0,0,0.08333333333333333,0.375,bh_fdr_exploratory,0.7151741293532337,False
meta-llama/Llama-3.2-1B-Instruct,9213176726f574b556790deb65791e0c5aa438b6,gsm_symbolic_official,C,substitute,keyboard_neighbor,anywhere,0,16,3,0,0,13,0.1875,0.1875,0.0,0.0,0.0,percentile,0.0,1.0,0.0,1.0,exact_midp,0.8125,0.0,0,0.0,1.0,bh_fdr_exploratory,1.0,False
meta-llama/Llama-3.2-1B-Instruct,9213176726f574b556790deb65791e0c5aa438b6,mmlu,A,delete,keyboard_neighbor,anywhere,1,24,10,0,1,13,0.4166666666666667,0.4583333333333333,-0.04166666666666663,-0.16666666666666669,0.0,BCa,0.0,1.0999999999999999,0.041666666666666664,0.4999999999999999,exact_midp,0.08333333333333333,0.041666666666666664,0,-0.043478260869565244,0.4999999999999999,bh_fdr_exploratory,0.7151741293532337,False
meta-llama/Llama-3.2-1B-Instruct,9213176726f574b556790deb65791e0c5aa438b6,mmlu,A,delete,keyboard_neighbor,anywhere,2,24,9,1,1,13,0.4166666666666667,0.4166666666666667,0.0,-0.125,0.125,BCa,0.1,1.0,0.08333333333333333,0.4999999999999998,exact_midp,0.16666666666666666,0.08333333333333333,0,0.0,0.4999999999999998,bh_fdr_exploratory,0.7151741293532337,False
meta-llama/Llama-3.2-1B-Instruct,9213176726f574b556790deb65791e0c5aa438b6,mmlu,A,delete,keyboard_neighbor,anywhere,4,24,9,1,0,14,0.4166666666666667,0.375,0.041666666666666685,0.0,0.20833333333333337,BCa,0.1,0.8999999999999999,0.041666666666666664,0.4999999999999999,exact_midp,0.08333333333333333,0.041666666666666664,0,0.04347826086956519,0.4999999999999999,bh_fdr_exploratory,0.7151741293532337,False
meta-llama/Llama-3.2-1B-Instruct,9213176726f574b556790deb65791e0c5aa438b6,mmlu,A,delete,whitespace,anywhere,1,24,9,1,1,13,0.4166666666666667,0.4166666666666667,0.0,-0.125,0.125,BCa,0.1,1.0,0.08333333333333333,0.4999999999999998,exact_midp,0.08333333333333333,0.041666666666666664,0,0.0,0.4999999999999998,bh_fdr_exploratory,0.7151741293532337,False
meta-llama/Llama-3.2-1B-Instruct,9213176726f574b556790deb65791e0c5aa438b6,mmlu,A,delete,whitespace,anywhere,2,24,9,1,0,14,0.4166666666666667,0.375,0.041666666666666685,0.0,0.25,BCa,0.1,0.8999999999999999,0.041666666666666664,0.4999999999999999,exact_midp,0.041666666666666664,0.041666666666666664,0,0.04347826086956519,0.4999999999999999,bh_fdr_exploratory,0.7151741293532337,False
meta-llama/Llama-3.2-1B-Instruct,9213176726f574b556790deb65791e0c5aa438b6,mmlu,A,insert,filler_word,anywhere,1,24,10,0,1,13,0.4166666666666667,0.4583333333333333,-0.04166666666666663,-0.16666666666666669,0.0,BCa,0.0,1.0999999999999999,0.041666666666666664,0.4999999999999999,exact_midp,0.08333333333333333,0.041666666666666664,0,-0.043478260869565244,0.4999999999999999,bh_fdr_exploratory,0.7151741293532337,False
meta-llama/Llama-3.2-1B-Instruct,9213176726f574b556790deb65791e0c5aa438b6,mmlu,A,insert,filler_word,anywhere,2,24,9,1,0,14,0.4166666666666667,0.375,0.041666666666666685,0.0,0.25,BCa,0.1,0.8999999999999999,0.041666666666666664,0.4999999999999999,exact_midp,0.125,0.041666666666666664,0,0.04347826086956519,0.4999999999999999,bh_fdr_exploratory,0.7151741293532337,False
meta-llama/Llama-3.2-1B-Instruct,9213176726f574b556790deb65791e0c5aa438b6,mmlu,A,insert,keyboard_neighbor,anywhere,1,24,10,0,0,14,0.4166666666666667,0.4166666666666667,0.0,0.0,0.0,percentile,0.0,1.0,0.0,1.0,exact_midp,0.041666666666666664,0.041666666666666664,0,0.0,1.0,bh_fdr_exploratory,1.0,False
meta-llama/Llama-3.2-1B-Instruct,9213176726f574b556790deb65791e0c5aa438b6,mmlu,A,insert,keyboard_neighbor,anywhere,2,24,8,2,0,14,0.4166666666666667,0.3333333333333333,0.08333333333333337,0.04166666666666663,0.3333333333333333,BCa,0.2,0.7999999999999999,0.08333333333333333,0.25,exact_midp,0.16666666666666666,0.041666666666666664,0,0.08695652173913043,0.25,bh_fdr_exploratory,0.7151741293532337,False
meta-llama/Llama-3.2-1B-Instruct,9213176726f574b556790deb65791e0c5aa438b6,mmlu,A,insert,keyboard_neighbor,anywhere,4,24,9,1,1,13,0.4166666666666667,0.4166666666666667,0.0,-0.125,0.125,BCa,0.1,1.0,0.08333333333333333,0.4999999999999998,exact_midp,0.16666666666666666,0.0,0,0.0,0.4999999999999998,bh_fdr_exploratory,0.7151741293532337,False
meta-llama/Llama-3.2-1B-Instruct,9213176726f574b556790deb65791e0c5aa438b6,mmlu,A,substitute,fragmentation_matched,anywhere,1,40,13,1,0,26,0.35,0.325,0.024999999999999967,0.0,0.09999999999999998,BCa,0.07142857142857142,0.9285714285714287,0.025,0.4999999999999999,exact_midp,0.05,0.05,0,0.02631578947368418,0.4999999999999999,bh_fdr_exploratory,0.7151741293532337,False
meta-llama/Llama-3.2-1B-Instruct,9213176726f574b556790deb65791e0c5aa438b6,mmlu,A,substitute,fragmentation_matched,anywhere,2,40,14,2,4,20,0.4,0.45,-0.04999999999999999,-0.175,0.07499999999999996,BCa,0.125,1.125,0.15,0.453125,exact_midp,0.15,0.05,0,-0.05263157894736842,0.453125,bh_fdr_exploratory,0.7151741293532337,False
meta-llama/Llama-3.2-1B-Instruct,9213176726f574b556790deb65791e0c5aa438b6,mmlu,A,substitute,informative_word,answer_critical,1,24,9,1,0,14,0.4166666666666667,0.375,0.041666666666666685,0.0,0.21905508351475572,BCa,0.1,0.8999999999999999,0.041666666666666664,0.4999999999999999,exact_midp,0.041666666666666664,0.041666666666666664,0,0.04347826086956519,0.4999999999999999,bh_fdr_exploratory,0.7151741293532337,False
meta-llama/Llama-3.2-1B-Instruct,9213176726f574b556790deb65791e0c5aa438b6,mmlu,A,substitute,informative_word,answer_critical,2,24,9,1,0,14,0.4166666666666667,0.375,0.041666666666666685,0.0,0.25,BCa,0.1,0.8999999999999999,0.041666666666666664,0.4999999999999999,exact_midp,0.25,0.041666666666666664,0,0.04347826086956519,0.4999999999999999,bh_fdr_exploratory,0.7151741293532337,False
meta-llama/Llama-3.2-1B-Instruct,9213176726f574b556790deb65791e0c5aa438b6,mmlu,A,substitute,keyboard_neighbor,anywhere,1,24,10,0,0,14,0.4166666666666667,0.4166666666666667,0.0,0.0,0.0,percentile,0.0,1.0,0.0,1.0,exact_midp,0.041666666666666664,0.041666666666666664,0,0.0,1.0,bh_fdr_exploratory,1.0,False
meta-llama/Llama-3.2-1B-Instruct,9213176726f574b556790deb65791e0c5aa438b6,mmlu,A,substitute,keyboard_neighbor,anywhere,2,24,9,1,1,13,0.4166666666666667,0.4166666666666667,0.0,-0.125,0.125,BCa,0.1,1.0,0.08333333333333333,0.4999999999999998,exact_midp,0.16666666666666666,0.041666666666666664,0,0.0,0.4999999999999998,bh_fdr_exploratory,0.7151741293532337,False
meta-llama/Llama-3.2-1B-Instruct,9213176726f574b556790deb65791e0c5aa438b6,mmlu,A,substitute,keyboard_neighbor,anywhere,4,24,9,1,3,11,0.4166666666666667,0.5,-0.08333333333333331,-0.25,0.08333333333333331,BCa,0.1,1.2,0.16666666666666666,0.375,exact_midp,0.25,0.041666666666666664,0,-0.08695652173913043,0.375,holm_within_model_primary,0.75,False
meta-llama/Llama-3.2-1B-Instruct,9213176726f574b556790deb65791e0c5aa438b6,mmlu,A,substitute,keyboard_neighbor,anywhere,8,24,8,2,2,12,0.4166666666666667,0.4166666666666667,0.0,-0.16666666666666666,0.16666666666666669,BCa,0.2,1.0,0.16666666666666666,0.625,exact_midp,0.25,0.041666666666666664,0,0.0,0.625,bh_fdr_exploratory,0.7274797570850203,False
meta-llama/Llama-3.2-1B-Instruct,9213176726f574b556790deb65791e0c5aa438b6,mmlu,A,substitute,keyboard_neighbor,content,1,24,10,0,0,14,0.4166666666666667,0.4166666666666667,0.0,0.0,0.0,percentile,0.0,1.0,0.0,1.0,exact_midp,0.041666666666666664,0.041666666666666664,0,0.0,1.0,bh_fdr_exploratory,1.0,False
meta-llama/Llama-3.2-1B-Instruct,9213176726f574b556790deb65791e0c5aa438b6,mmlu,A,substitute,keyboard_neighbor,content,2,24,10,0,2,12,0.4166666666666667,0.5,-0.08333333333333331,-0.25,0.0,BCa,0.0,1.2,0.08333333333333333,0.25,exact_midp,0.16666666666666666,0.041666666666666664,0,-0.08695652173913043,0.25,bh_fdr_exploratory,0.7151741293532337,False
meta-llama/Llama-3.2-1B-Instruct,9213176726f574b556790deb65791e0c5aa438b6,mmlu,A,substitute,keyboard_neighbor,content,4,24,10,0,0,14,0.4166666666666667,0.4166666666666667,0.0,0.0,0.0,percentile,0.0,1.0,0.0,1.0,exact_midp,0.08333333333333333,0.0,0,0.0,1.0,bh_fdr_exploratory,1.0,False
meta-llama/Llama-3.2-1B-Instruct,9213176726f574b556790deb65791e0c5aa438b6,mmlu,A,transpose,keyboard_neighbor,anywhere,1,24,10,0,1,13,0.4166666666666667,0.4583333333333333,-0.04166666666666663,-0.16666666666666666,0.0,BCa,0.0,1.0999999999999999,0.041666666666666664,0.4999999999999999,exact_midp,0.125,0.041666666666666664,0,-0.043478260869565244,0.4999999999999999,bh_fdr_exploratory,0.7151741293532337,False
meta-llama/Llama-3.2-1B-Instruct,9213176726f574b556790deb65791e0c5aa438b6,mmlu,A,transpose,keyboard_neighbor,anywhere,2,24,9,1,1,13,0.4166666666666667,0.4166666666666667,0.0,-0.125,0.125,BCa,0.1,1.0,0.08333333333333333,0.4999999999999998,exact_midp,0.16666666666666666,0.041666666666666664,0,0.0,0.4999999999999998,bh_fdr_exploratory,0.7151741293532337,False
meta-llama/Llama-3.2-1B-Instruct,9213176726f574b556790deb65791e0c5aa438b6,mmlu,A,transpose,keyboard_neighbor,anywhere,4,24,8,2,0,14,0.4166666666666667,0.3333333333333333,0.08333333333333337,0.04166666666666663,0.3333333333333333,BCa,0.2,0.7999999999999999,0.08333333333333333,0.25,exact_midp,0.16666666666666666,0.041666666666666664,0,0.08695652173913043,0.25,bh_fdr_exploratory,0.7151741293532337,False
meta-llama/Llama-3.2-1B-Instruct,9213176726f574b556790deb65791e0c5aa438b6,mmlu,B,substitute,homophone,anywhere,1,23,10,0,0,13,0.43478260869565216,0.43478260869565216,0.0,0.0,0.0,percentile,0.0,1.0,0.0,1.0,exact_midp,0.0,0.043478260869565216,0,0.0,1.0,bh_fdr_exploratory,1.0,False
meta-llama/Llama-3.2-1B-Instruct,9213176726f574b556790deb65791e0c5aa438b6,mmlu,B,substitute,homophone,anywhere,2,22,9,1,0,12,0.45454545454545453,0.4090909090909091,0.045454545454545414,0.0,0.18181818181818177,BCa,0.1,0.9000000000000001,0.045454545454545456,0.4999999999999999,exact_midp,0.09090909090909091,0.09090909090909091,0,0.0,1.0,bh_fdr_exploratory,0.7151741293532337,False
meta-llama/Llama-3.2-1B-Instruct,9213176726f574b556790deb65791e0c5aa438b6,mmlu,B,substitute,real_word,anywhere,2,24,9,1,2,12,0.4166666666666667,0.4583333333333333,-0.04166666666666663,-0.16666666666666669,0.125,BCa,0.1,1.0999999999999999,0.125,0.6249999999999999,exact_midp,0.20833333333333334,0.0,0,-0.04166666666666663,0.6249999999999999,bh_fdr_exploratory,0.7274797570850203,False
meta-llama/Llama-3.2-1B-Instruct,9213176726f574b556790deb65791e0c5aa438b6,mmlu,B,substitute,real_word,anywhere,3,24,10,0,1,13,0.4166666666666667,0.4583333333333333,-0.04166666666666663,-0.16666666666666666,0.0,BCa,0.0,1.0999999999999999,0.041666666666666664,0.4999999999999999,exact_midp,0.08333333333333333,0.041666666666666664,0,-0.043478260869565244,0.4999999999999999,bh_fdr_exploratory,0.7151741293532337,False
meta-llama/Llama-3.2-1B-Instruct,9213176726f574b556790deb65791e0c5aa438b6,mmlu,B,substitute,real_word,anywhere,4,24,9,1,1,13,0.4166666666666667,0.4166666666666667,0.0,-0.125,0.125,BCa,0.1,1.0,0.08333333333333333,0.4999999999999998,exact_midp,0.25,0.0,0,0.0,0.4999999999999998,bh_fdr_exploratory,0.7151741293532337,False
meta-llama/Llama-3.2-1B-Instruct,9213176726f574b556790deb65791e0c5aa438b6,mmlu,C,substitute,keyboard_neighbor,anywhere,0,24,6,4,4,10,0.4166666666666667,0.4166666666666667,0.0,-0.24999999999999994,0.24999999999999994,BCa,0.4,1.0,0.3333333333333333,0.7265625,exact_midp,0.75,0.0,0,0.0,0.7265625,bh_fdr_exploratory,0.79880198374761,False
meta-llama/Llama-3.2-1B-Instruct,9213176726f574b556790deb65791e0c5aa438b6,mmlu_pro,A,delete,keyboard_neighbor,anywhere,1,24,2,0,0,22,0.08333333333333333,0.08333333333333333,0.0,0.0,0.0,percentile,0.0,1.0,0.0,1.0,exact_midp,0.125,0.08333333333333333,0,0.0,1.0,bh_fdr_exploratory,1.0,False
meta-llama/Llama-3.2-1B-Instruct,9213176726f574b556790deb65791e0c5aa438b6,mmlu_pro,A,delete,keyboard_neighbor,anywhere,2,24,2,0,0,22,0.08333333333333333,0.08333333333333333,0.0,0.0,0.0,percentile,0.0,1.0,0.0,1.0,exact_midp,0.375,0.041666666666666664,0,0.0,1.0,bh_fdr_exploratory,1.0,False
meta-llama/Llama-3.2-1B-Instruct,9213176726f574b556790deb65791e0c5aa438b6,mmlu_pro,A,delete,keyboard_neighbor,anywhere,4,24,2,0,2,20,0.08333333333333333,0.16666666666666666,-0.08333333333333333,-0.20833333333333337,0.0,BCa,0.0,2.0,0.08333333333333333,0.25,exact_midp,0.5416666666666666,0.0,0,-0.08333333333333333,0.25,bh_fdr_exploratory,0.7151741293532337,False
meta-llama/Llama-3.2-1B-Instruct,9213176726f574b556790deb65791e0c5aa438b6,mmlu_pro,A,delete,whitespace,anywhere,1,24,2,0,2,20,0.08333333333333333,0.16666666666666666,-0.08333333333333333,-0.20833333333333337,0.0,BCa,0.0,2.0,0.08333333333333333,0.25,exact_midp,0.16666666666666666,0.041666666666666664,0,-0.08695652173913043,0.25,bh_fdr_exploratory,0.7151741293532337,False
meta-llama/Llama-3.2-1B-Instruct,9213176726f574b556790deb65791e0c5aa438b6,mmlu_pro,A,delete,whitespace,anywhere,2,24,2,0,2,20,0.08333333333333333,0.16666666666666666,-0.08333333333333333,-0.25,0.0,BCa,0.0,2.0,0.08333333333333333,0.25,exact_midp,0.375,0.08333333333333333,0,-0.09090909090909091,0.25,bh_fdr_exploratory,0.7151741293532337,False
meta-llama/Llama-3.2-1B-Instruct,9213176726f574b556790deb65791e0c5aa438b6,mmlu_pro,A,insert,filler_word,anywhere,1,24,2,0,1,21,0.08333333333333333,0.125,-0.04166666666666667,-0.25,0.0,BCa,0.0,1.5,0.041666666666666664,0.4999999999999999,exact_midp,0.20833333333333334,0.0,0,-0.04166666666666667,0.4999999999999999,bh_fdr_exploratory,0.7151741293532337,False
meta-llama/Llama-3.2-1B-Instruct,9213176726f574b556790deb65791e0c5aa438b6,mmlu_pro,A,insert,filler_word,anywhere,2,24,2,0,2,20,0.08333333333333333,0.16666666666666666,-0.08333333333333333,-0.20833333333333337,0.0,BCa,0.0,2.0,0.08333333333333333,0.25,exact_midp,0.4583333333333333,0.041666666666666664,0,-0.08695652173913043,0.25,bh_fdr_exploratory,0.7151741293532337,False
meta-llama/Llama-3.2-1B-Instruct,9213176726f574b556790deb65791e0c5aa438b6,mmlu_pro,A,insert,keyboard_neighbor,anywhere,1,24,2,0,1,21,0.08333333333333333,0.125,-0.04166666666666667,-0.25,0.0,BCa,0.0,1.5,0.041666666666666664,0.4999999999999999,exact_midp,0.20833333333333334,0.08333333333333333,0,-0.04545454545454544,0.4999999999999999,bh_fdr_exploratory,0.7151741293532337,False
meta-llama/Llama-3.2-1B-Instruct,9213176726f574b556790deb65791e0c5aa438b6,mmlu_pro,A,insert,keyboard_neighbor,anywhere,2,24,2,0,1,21,0.08333333333333333,0.125,-0.04166666666666667,-0.25,0.0,BCa,0.0,1.5,0.041666666666666664,0.4999999999999999,exact_midp,0.3333333333333333,0.041666666666666664,0,-0.043478260869565216,0.4999999999999999,bh_fdr_exploratory,0.7151741293532337,False
meta-llama/Llama-3.2-1B-Instruct,9213176726f574b556790deb65791e0c5aa438b6,mmlu_pro,A,insert,keyboard_neighbor,anywhere,4,24,2,0,2,20,0.08333333333333333,0.16666666666666666,-0.08333333333333333,-0.20833333333333337,0.0,BCa,0.0,2.0,0.08333333333333333,0.25,exact_midp,0.5,0.08333333333333333,0,-0.09090909090909091,0.25,bh_fdr_exploratory,0.7151741293532337,False
meta-llama/Llama-3.2-1B-Instruct,9213176726f574b556790deb65791e0c5aa438b6,mmlu_pro,A,substitute,fragmentation_matched,anywhere,1,36,2,0,4,30,0.05555555555555555,0.16666666666666666,-0.1111111111111111,-0.22222222222222227,-0.027777777777777776,BCa,0.0,3.0,0.1111111111111111,0.062499999999999986,exact_midp,0.3611111111111111,0.05555555555555555,0,-0.11764705882352942,0.062499999999999986,bh_fdr_exploratory,0.7151741293532337,False
meta-llama/Llama-3.2-1B-Instruct,9213176726f574b556790deb65791e0c5aa438b6,mmlu_pro,A,substitute,fragmentation_matched,anywhere,2,44,2,0,6,36,0.045454545454545456,0.18181818181818182,-0.13636363636363635,-0.2727272727272727,-0.045454545454545456,BCa,0.0,4.0,0.13636363636363635,0.015624999999999879,exact_midp,0.38636363636363635,0.09090909090909091,0,-0.15000000000000002,0.015624999999999879,bh_fdr_exploratory,0.7151741293532337,False
meta-llama/Llama-3.2-1B-Instruct,9213176726f574b556790deb65791e0c5aa438b6,mmlu_pro,A,substitute,informative_word,answer_critical,1,24,2,0,0,22,0.08333333333333333,0.08333333333333333,0.0,0.0,0.0,percentile,0.0,1.0,0.0,1.0,exact_midp,0.125,0.041666666666666664,0,0.0,1.0,bh_fdr_exploratory,1.0,False
meta-llama/Llama-3.2-1B-Instruct,9213176726f574b556790deb65791e0c5aa438b6,mmlu_pro,A,substitute,informative_word,answer_critical,2,24,2,0,2,20,0.08333333333333333,0.16666666666666666,-0.08333333333333333,-0.20833333333333337,0.0,BCa,0.0,2.0,0.08333333333333333,0.25,exact_midp,0.2916666666666667,0.041666666666666664,0,-0.08695652173913043,0.25,bh_fdr_exploratory,0.7151741293532337,False
meta-llama/Llama-3.2-1B-Instruct,9213176726f574b556790deb65791e0c5aa438b6,mmlu_pro,A,substitute,keyboard_neighbor,anywhere,1,24,2,0,1,21,0.08333333333333333,0.125,-0.04166666666666667,-0.25,0.0,BCa,0.0,1.5,0.041666666666666664,0.4999999999999999,exact_midp,0.20833333333333334,0.041666666666666664,0,-0.043478260869565216,0.4999999999999999,bh_fdr_exploratory,0.7151741293532337,False
meta-llama/Llama-3.2-1B-Instruct,9213176726f574b556790deb65791e0c5aa438b6,mmlu_pro,A,substitute,keyboard_neighbor,anywhere,2,24,2,0,3,19,0.08333333333333333,0.20833333333333334,-0.125,-0.2916666666666667,-0.04166666666666666,BCa,0.0,2.5000000000000004,0.125,0.125,exact_midp,0.3333333333333333,0.08333333333333333,0,-0.13636363636363635,0.125,bh_fdr_exploratory,0.7151741293532337,False
meta-llama/Llama-3.2-1B-Instruct,9213176726f574b556790deb65791e0c5aa438b6,mmlu_pro,A,substitute,keyboard_neighbor,anywhere,4,24,2,0,3,19,0.08333333333333333,0.20833333333333334,-0.125,-0.3333333333333333,-0.04166666666666666,BCa,0.0,2.5000000000000004,0.125,0.125,exact_midp,0.375,0.08333333333333333,0,-0.13636363636363635,0.125,holm_within_model_primary,0.5,False
meta-llama/Llama-3.2-1B-Instruct,9213176726f574b556790deb65791e0c5aa438b6,mmlu_pro,A,substitute,keyboard_neighbor,anywhere,8,24,2,0,3,19,0.08333333333333333,0.20833333333333334,-0.125,-0.3333333333333333,-0.04166666666666666,BCa,0.0,2.5000000000000004,0.125,0.125,exact_midp,0.5,0.08333333333333333,0,-0.13636363636363635,0.125,bh_fdr_exploratory,0.7151741293532337,False
meta-llama/Llama-3.2-1B-Instruct,9213176726f574b556790deb65791e0c5aa438b6,mmlu_pro,A,substitute,keyboard_neighbor,content,1,24,2,0,3,19,0.08333333333333333,0.20833333333333334,-0.125,-0.2916666666666667,-0.04166666666666666,BCa,0.0,2.5000000000000004,0.125,0.125,exact_midp,0.375,0.041666666666666664,0,-0.13043478260869565,0.125,bh_fdr_exploratory,0.7151741293532337,False
meta-llama/Llama-3.2-1B-Instruct,9213176726f574b556790deb65791e0c5aa438b6,mmlu_pro,A,substitute,keyboard_neighbor,content,2,24,2,0,2,20,0.08333333333333333,0.16666666666666666,-0.08333333333333333,-0.20833333333333337,0.0,BCa,0.0,2.0,0.08333333333333333,0.25,exact_midp,0.3333333333333333,0.125,0,-0.09523809523809523,0.25,bh_fdr_exploratory,0.7151741293532337,False
meta-llama/Llama-3.2-1B-Instruct,9213176726f574b556790deb65791e0c5aa438b6,mmlu_pro,A,substitute,keyboard_neighbor,content,4,24,2,0,1,21,0.08333333333333333,0.125,-0.04166666666666667,-0.25,0.0,BCa,0.0,1.5,0.041666666666666664,0.4999999999999999,exact_midp,0.4166666666666667,0.08333333333333333,0,-0.04545454545454544,0.4999999999999999,bh_fdr_exploratory,0.7151741293532337,False
meta-llama/Llama-3.2-1B-Instruct,9213176726f574b556790deb65791e0c5aa438b6,mmlu_pro,A,transpose,keyboard_neighbor,anywhere,1,24,2,0,1,21,0.08333333333333333,0.125,-0.04166666666666667,-0.25,0.0,BCa,0.0,1.5,0.041666666666666664,0.4999999999999999,exact_midp,0.2916666666666667,0.0,0,-0.04166666666666667,0.4999999999999999,bh_fdr_exploratory,0.7151741293532337,False
meta-llama/Llama-3.2-1B-Instruct,9213176726f574b556790deb65791e0c5aa438b6,mmlu_pro,A,transpose,keyboard_neighbor,anywhere,2,24,2,0,2,20,0.08333333333333333,0.16666666666666666,-0.08333333333333333,-0.20833333333333337,0.0,BCa,0.0,2.0,0.08333333333333333,0.25,exact_midp,0.3333333333333333,0.08333333333333333,0,-0.09090909090909091,0.25,bh_fdr_exploratory,0.7151741293532337,False
meta-llama/Llama-3.2-1B-Instruct,9213176726f574b556790deb65791e0c5aa438b6,mmlu_pro,A,transpose,keyboard_neighbor,anywhere,4,24,2,0,3,19,0.08333333333333333,0.20833333333333334,-0.125,-0.2916666666666667,-0.04166666666666666,BCa,0.0,2.5000000000000004,0.125,0.125,exact_midp,0.4583333333333333,0.041666666666666664,0,-0.13043478260869565,0.125,bh_fdr_exploratory,0.7151741293532337,False
meta-llama/Llama-3.2-1B-Instruct,9213176726f574b556790deb65791e0c5aa438b6,mmlu_pro,B,substitute,homophone,anywhere,1,24,2,0,2,20,0.08333333333333333,0.16666666666666666,-0.08333333333333333,-0.20833333333333337,0.0,BCa,0.0,2.0,0.08333333333333333,0.25,exact_midp,0.375,0.041666666666666664,0,-0.08695652173913043,0.25,bh_fdr_exploratory,0.7151741293532337,False
meta-llama/Llama-3.2-1B-Instruct,9213176726f574b556790deb65791e0c5aa438b6,mmlu_pro,B,substitute,homophone,anywhere,2,23,2,0,4,17,0.08695652173913043,0.2608695652173913,-0.17391304347826086,-0.34782608695652173,-0.043478260869565216,BCa,0.0,3.0,0.17391304347826086,0.062499999999999986,exact_midp,0.391304347826087,0.08695652173913043,0,-0.19047619047619047,0.062499999999999986,bh_fdr_exploratory,0.7151741293532337,False
meta-llama/Llama-3.2-1B-Instruct,9213176726f574b556790deb65791e0c5aa438b6,mmlu_pro,B,substitute,real_word,anywhere,2,24,2,0,1,21,0.08333333333333333,0.125,-0.04166666666666667,-0.25,0.0,BCa,0.0,1.5,0.041666666666666664,0.4999999999999999,exact_midp,0.375,0.08333333333333333,0,-0.04545454545454544,0.4999999999999999,bh_fdr_exploratory,0.7151741293532337,False
meta-llama/Llama-3.2-1B-Instruct,9213176726f574b556790deb65791e0c5aa438b6,mmlu_pro,B,substitute,real_word,anywhere,3,24,2,0,2,20,0.08333333333333333,0.16666666666666666,-0.08333333333333333,-0.20833333333333337,0.0,BCa,0.0,2.0,0.08333333333333333,0.25,exact_midp,0.4166666666666667,0.0,0,-0.08333333333333333,0.25,bh_fdr_exploratory,0.7151741293532337,False
meta-llama/Llama-3.2-1B-Instruct,9213176726f574b556790deb65791e0c5aa438b6,mmlu_pro,B,substitute,real_word,anywhere,4,24,2,0,1,21,0.08333333333333333,0.125,-0.04166666666666667,-0.2397643374573109,0.0,BCa,0.0,1.5,0.041666666666666664,0.4999999999999999,exact_midp,0.2916666666666667,0.0,0,-0.04166666666666667,0.4999999999999999,bh_fdr_exploratory,0.7151741293532337,False
meta-llama/Llama-3.2-1B-Instruct,9213176726f574b556790deb65791e0c5aa438b6,mmlu_pro,C,substitute,keyboard_neighbor,anywhere,0,24,1,1,3,19,0.08333333333333333,0.16666666666666666,-0.08333333333333333,-0.25,0.08333333333333334,BCa,0.5,2.0,0.16666666666666666,0.375,exact_midp,0.4166666666666667,0.041666666666666664,0,-0.08695652173913043,0.375,bh_fdr_exploratory,0.7151741293532337,False
meta-llama/Llama-3.2-3B-Instruct,0cb88a4f764b7a12671c53f0838cd831a0843b95,gsm8k,A,delete,keyboard_neighbor,anywhere,1,24,14,2,1,7,0.6666666666666666,0.625,0.04166666666666663,-0.08333333333333337,0.16666666666666674,BCa,0.125,0.9375,0.125,0.6249999999999999,exact_midp,0.25,0.0,0,0.04166666666666663,0.6249999999999999,bh_fdr_exploratory,0.7274797570850203,False
meta-llama/Llama-3.2-3B-Instruct,0cb88a4f764b7a12671c53f0838cd831a0843b95,gsm8k,A,delete,keyboard_neighbor,anywhere,2,24,15,1,3,5,0.6666666666666666,0.75,-0.08333333333333337,-0.29166666666666663,0.04166666666666674,BCa,0.0625,1.125,0.16666666666666666,0.375,exact_midp,0.25,0.0,0,-0.08333333333333337,0.375,bh_fdr_exploratory,0.7151741293532337,False
meta-llama/Llama-3.2-3B-Instruct,0cb88a4f764b7a12671c53f0838cd831a0843b95,gsm8k,A,delete,keyboard_neighbor,anywhere,4,24,12,4,2,6,0.6666666666666666,0.5833333333333334,0.08333333333333326,-0.125,0.25,BCa,0.25,0.8750000000000001,0.25,0.453125,exact_midp,0.375,0.0,0,0.08333333333333326,0.453125,bh_fdr_exploratory,0.7151741293532337,False
meta-llama/Llama-3.2-3B-Instruct,0cb88a4f764b7a12671c53f0838cd831a0843b95,gsm8k,A,delete,whitespace,anywhere,1,24,15,1,1,7,0.6666666666666666,0.6666666666666666,0.0,-0.125,0.125,BCa,0.0625,1.0,0.08333333333333333,0.4999999999999998,exact_midp,0.125,0.0,0,0.0,0.4999999999999998,bh_fdr_exploratory,0.7151741293532337,False
meta-llama/Llama-3.2-3B-Instruct,0cb88a4f764b7a12671c53f0838cd831a0843b95,gsm8k,A,delete,whitespace,anywhere,2,24,15,1,2,6,0.6666666666666666,0.7083333333333334,-0.04166666666666674,-0.20833333333333337,0.04166666666666674,BCa,0.0625,1.0625000000000002,0.125,0.6249999999999999,exact_midp,0.125,0.0,0,-0.04166666666666674,0.6249999999999999,bh_fdr_exploratory,0.7274797570850203,False
meta-llama/Llama-3.2-3B-Instruct,0cb88a4f764b7a12671c53f0838cd831a0843b95,gsm8k,A,insert,filler_word,anywhere,1,24,14,2,1,7,0.6666666666666666,0.625,0.04166666666666663,-0.08333333333333337,0.16666666666666674,BCa,0.125,0.9375,0.125,0.6249999999999999,exact_midp,0.20833333333333334,0.0,0,0.04166666666666663,0.6249999999999999,bh_fdr_exploratory,0.7274797570850203,False
meta-llama/Llama-3.2-3B-Instruct,0cb88a4f764b7a12671c53f0838cd831a0843b95,gsm8k,A,insert,filler_word,anywhere,2,24,14,2,4,4,0.6666666666666666,0.75,-0.08333333333333337,-0.2916666666666667,0.08333333333333337,BCa,0.125,1.125,0.25,0.453125,exact_midp,0.3333333333333333,0.0,0,-0.08333333333333337,0.453125,bh_fdr_exploratory,0.7151741293532337,False
meta-llama/Llama-3.2-3B-Instruct,0cb88a4f764b7a12671c53f0838cd831a0843b95,gsm8k,A,insert,keyboard_neighbor,anywhere,1,24,15,1,2,6,0.6666666666666666,0.7083333333333334,-0.04166666666666674,-0.25,0.04166666666666674,BCa,0.0625,1.0625000000000002,0.125,0.6249999999999999,exact_midp,0.16666666666666666,0.0,0,-0.04166666666666674,0.6249999999999999,bh_fdr_exploratory,0.7274797570850203,False
meta-llama/Llama-3.2-3B-Instruct,0cb88a4f764b7a12671c53f0838cd831a0843b95,gsm8k,A,insert,keyboard_neighbor,anywhere,2,24,14,2,1,7,0.6666666666666666,0.625,0.04166666666666663,-0.08333333333333337,0.16666666666666674,BCa,0.125,0.9375,0.125,0.6249999999999999,exact_midp,0.20833333333333334,0.0,0,0.04166666666666663,0.6249999999999999,bh_fdr_exploratory,0.7274797570850203,False
meta-llama/Llama-3.2-3B-Instruct,0cb88a4f764b7a12671c53f0838cd831a0843b95,gsm8k,A,insert,keyboard_neighbor,anywhere,4,24,15,1,3,5,0.6666666666666666,0.75,-0.08333333333333337,-0.29166666666666663,0.04166666666666674,BCa,0.0625,1.125,0.16666666666666666,0.375,exact_midp,0.25,0.0,0,-0.08333333333333337,0.375,bh_fdr_exploratory,0.7151741293532337,False
meta-llama/Llama-3.2-3B-Instruct,0cb88a4f764b7a12671c53f0838cd831a0843b95,gsm8k,A,substitute,fragmentation_matched,anywhere,1,42,24,2,4,12,0.6190476190476191,0.6666666666666666,-0.04761904761904756,-0.16666666666666663,0.0714285714285714,BCa,0.07692307692307693,1.0769230769230769,0.14285714285714285,0.453125,exact_midp,0.14285714285714285,0.0,0,-0.04761904761904756,0.453125,bh_fdr_exploratory,0.7151741293532337,False
meta-llama/Llama-3.2-3B-Instruct,0cb88a4f764b7a12671c53f0838cd831a0843b95,gsm8k,A,substitute,fragmentation_matched,anywhere,2,48,25,7,4,12,0.6666666666666666,0.6041666666666666,0.0625,-0.0625,0.20833333333333326,BCa,0.21875,0.90625,0.22916666666666666,0.3876953125,exact_midp,0.3125,0.0,0,0.0625,0.3876953125,bh_fdr_exploratory,0.7151741293532337,False
meta-llama/Llama-3.2-3B-Instruct,0cb88a4f764b7a12671c53f0838cd831a0843b95,gsm8k,A,substitute,informative_word,answer_critical,1,24,14,2,1,7,0.6666666666666666,0.625,0.04166666666666663,-0.08333333333333337,0.16666666666666674,BCa,0.125,0.9375,0.125,0.6249999999999999,exact_midp,0.20833333333333334,0.0,0,0.04166666666666663,0.6249999999999999,bh_fdr_exploratory,0.7274797570850203,False
meta-llama/Llama-3.2-3B-Instruct,0cb88a4f764b7a12671c53f0838cd831a0843b95,gsm8k,A,substitute,informative_word,answer_critical,2,24,12,4,2,6,0.6666666666666666,0.5833333333333334,0.08333333333333326,-0.125,0.25,BCa,0.25,0.8750000000000001,0.25,0.453125,exact_midp,0.4166666666666667,0.0,0,0.08333333333333326,0.453125,bh_fdr_exploratory,0.7151741293532337,False
meta-llama/Llama-3.2-3B-Instruct,0cb88a4f764b7a12671c53f0838cd831a0843b95,gsm8k,A,substitute,keyboard_neighbor,anywhere,1,24,14,2,2,6,0.6666666666666666,0.6666666666666666,0.0,-0.16666666666666663,0.16666666666666663,BCa,0.125,1.0,0.16666666666666666,0.625,exact_midp,0.20833333333333334,0.0,0,0.0,0.625,bh_fdr_exploratory,0.7274797570850203,False
meta-llama/Llama-3.2-3B-Instruct,0cb88a4f764b7a12671c53f0838cd831a0843b95,gsm8k,A,substitute,keyboard_neighbor,anywhere,2,24,15,1,1,7,0.6666666666666666,0.6666666666666666,0.0,-0.125,0.125,BCa,0.0625,1.0,0.08333333333333333,0.4999999999999998,exact_midp,0.16666666666666666,0.0,0,0.0,0.4999999999999998,holm_within_model_primary,1.0,False
meta-llama/Llama-3.2-3B-Instruct,0cb88a4f764b7a12671c53f0838cd831a0843b95,gsm8k,A,substitute,keyboard_neighbor,anywhere,4,24,12,4,2,6,0.6666666666666666,0.5833333333333334,0.08333333333333326,-0.125,0.25,BCa,0.25,0.8750000000000001,0.25,0.453125,exact_midp,0.375,0.0,0,0.08333333333333326,0.453125,bh_fdr_exploratory,0.7151741293532337,False
meta-llama/Llama-3.2-3B-Instruct,0cb88a4f764b7a12671c53f0838cd831a0843b95,gsm8k,A,substitute,keyboard_neighbor,anywhere,8,24,14,2,1,7,0.6666666666666666,0.625,0.04166666666666663,-0.125,0.16666666666666674,BCa,0.125,0.9375,0.125,0.6249999999999999,exact_midp,0.25,0.0,0,0.04166666666666663,0.6249999999999999,bh_fdr_exploratory,0.7274797570850203,False
meta-llama/Llama-3.2-3B-Instruct,0cb88a4f764b7a12671c53f0838cd831a0843b95,gsm8k,A,substitute,keyboard_neighbor,content,1,24,15,1,2,6,0.6666666666666666,0.7083333333333334,-0.04166666666666674,-0.25,0.04166666666666674,BCa,0.0625,1.0625000000000002,0.125,0.6249999999999999,exact_midp,0.25,0.0,0,-0.04166666666666674,0.6249999999999999,bh_fdr_exploratory,0.7274797570850203,False
meta-llama/Llama-3.2-3B-Instruct,0cb88a4f764b7a12671c53f0838cd831a0843b95,gsm8k,A,substitute,keyboard_neighbor,content,2,24,15,1,1,7,0.6666666666666666,0.6666666666666666,0.0,-0.125,0.125,BCa,0.0625,1.0,0.08333333333333333,0.4999999999999998,exact_midp,0.16666666666666666,0.0,0,0.0,0.4999999999999998,bh_fdr_exploratory,0.7151741293532337,False
meta-llama/Llama-3.2-3B-Instruct,0cb88a4f764b7a12671c53f0838cd831a0843b95,gsm8k,A,substitute,keyboard_neighbor,content,4,24,12,4,1,7,0.6666666666666666,0.5416666666666666,0.125,-0.04166666666666663,0.29166666666666674,BCa,0.25,0.8125,0.20833333333333334,0.21875000000000003,exact_midp,0.4166666666666667,0.0,0,0.125,0.21875000000000003,bh_fdr_exploratory,0.7151741293532337,False
meta-llama/Llama-3.2-3B-Instruct,0cb88a4f764b7a12671c53f0838cd831a0843b95,gsm8k,A,transpose,keyboard_neighbor,anywhere,1,24,15,1,2,6,0.6666666666666666,0.7083333333333334,-0.04166666666666674,-0.25,0.04166666666666674,BCa,0.0625,1.0625000000000002,0.125,0.6249999999999999,exact_midp,0.20833333333333334,0.0,0,-0.04166666666666674,0.6249999999999999,bh_fdr_exploratory,0.7274797570850203,False
meta-llama/Llama-3.2-3B-Instruct,0cb88a4f764b7a12671c53f0838cd831a0843b95,gsm8k,A,transpose,keyboard_neighbor,anywhere,2,24,15,1,2,6,0.6666666666666666,0.7083333333333334,-0.04166666666666674,-0.25,0.04166666666666674,BCa,0.0625,1.0625000000000002,0.125,0.6249999999999999,exact_midp,0.16666666666666666,0.0,0,-0.04166666666666674,0.6249999999999999,bh_fdr_exploratory,0.7274797570850203,False
meta-llama/Llama-3.2-3B-Instruct,0cb88a4f764b7a12671c53f0838cd831a0843b95,gsm8k,A,transpose,keyboard_neighbor,anywhere,4,24,11,5,1,7,0.6666666666666666,0.5,0.16666666666666663,-0.04166666666666663,0.33333333333333337,BCa,0.3125,0.75,0.25,0.12499999999999997,exact_midp,0.4166666666666667,0.0,0,0.16666666666666663,0.12499999999999997,bh_fdr_exploratory,0.7151741293532337,False
meta-llama/Llama-3.2-3B-Instruct,0cb88a4f764b7a12671c53f0838cd831a0843b95,gsm8k,B,substitute,homophone,anywhere,1,24,13,3,1,7,0.6666666666666666,0.5833333333333334,0.08333333333333326,-0.08333333333333337,0.20833333333333337,BCa,0.1875,0.8750000000000001,0.16666666666666666,0.375,exact_midp,0.2916666666666667,0.0,0,0.08333333333333326,0.375,bh_fdr_exploratory,0.7151741293532337,False
meta-llama/Llama-3.2-3B-Instruct,0cb88a4f764b7a12671c53f0838cd831a0843b95,gsm8k,B,substitute,homophone,anywhere,2,24,14,2,1,7,0.6666666666666666,0.625,0.04166666666666663,-0.08333333333333337,0.16666666666666674,BCa,0.125,0.9375,0.125,0.6249999999999999,exact_midp,0.20833333333333334,0.0,0,0.04166666666666663,0.6249999999999999,bh_fdr_exploratory,0.7274797570850203,False
meta-llama/Llama-3.2-3B-Instruct,0cb88a4f764b7a12671c53f0838cd831a0843b95,gsm8k,B,substitute,real_word,anywhere,2,24,14,2,3,5,0.6666666666666666,0.7083333333333334,-0.04166666666666674,-0.25,0.125,BCa,0.125,1.0625000000000002,0.20833333333333334,0.6875000000000002,exact_midp,0.3333333333333333,0.0,0,-0.04166666666666674,0.6875000000000002,bh_fdr_exploratory,0.7661094961240312,False
meta-llama/Llama-3.2-3B-Instruct,0cb88a4f764b7a12671c53f0838cd831a0843b95,gsm8k,B,substitute,real_word,anywhere,3,24,12,4,2,6,0.6666666666666666,0.5833333333333334,0.08333333333333326,-0.125,0.25,BCa,0.25,0.8750000000000001,0.25,0.453125,exact_midp,0.4166666666666667,0.0,0,0.08333333333333326,0.453125,bh_fdr_exploratory,0.7151741293532337,False
meta-llama/Llama-3.2-3B-Instruct,0cb88a4f764b7a12671c53f0838cd831a0843b95,gsm8k,B,substitute,real_word,anywhere,4,24,11,5,1,7,0.6666666666666666,0.5,0.16666666666666663,-0.04166666666666663,0.33333333333333337,BCa,0.3125,0.75,0.25,0.12499999999999997,exact_midp,0.5,0.0,0,0.16666666666666663,0.12499999999999997,bh_fdr_exploratory,0.7151741293532337,False
meta-llama/Llama-3.2-3B-Instruct,0cb88a4f764b7a12671c53f0838cd831a0843b95,gsm_symbolic_official,A,delete,keyboard_neighbor,anywhere,1,24,14,1,1,8,0.625,0.625,0.0,-0.125,0.125,BCa,0.06666666666666667,1.0,0.08333333333333333,0.4999999999999998,exact_midp,0.08333333333333333,0.0,0,0.0,0.4999999999999998,bh_fdr_exploratory,0.7151741293532337,False
meta-llama/Llama-3.2-3B-Instruct,0cb88a4f764b7a12671c53f0838cd831a0843b95,gsm_symbolic_official,A,delete,keyboard_neighbor,anywhere,2,24,13,2,1,8,0.625,0.5833333333333334,0.04166666666666663,-0.08333333333333337,0.16666666666666674,BCa,0.13333333333333333,0.9333333333333333,0.125,0.6249999999999999,exact_midp,0.25,0.0,0,0.04166666666666663,0.6249999999999999,bh_fdr_exploratory,0.7274797570850203,False
meta-llama/Llama-3.2-3B-Instruct,0cb88a4f764b7a12671c53f0838cd831a0843b95,gsm_symbolic_official,A,delete,keyboard_neighbor,anywhere,4,24,10,5,2,7,0.625,0.5,0.125,-0.08333333333333337,0.3333333333333333,BCa,0.3333333333333333,0.8,0.2916666666666667,0.2890625,exact_midp,0.4583333333333333,0.0,0,0.125,0.2890625,bh_fdr_exploratory,0.7151741293532337,False
meta-llama/Llama-3.2-3B-Instruct,0cb88a4f764b7a12671c53f0838cd831a0843b95,gsm_symbolic_official,A,delete,whitespace,anywhere,1,24,15,0,0,9,0.625,0.625,0.0,0.0,0.0,percentile,0.0,1.0,0.0,1.0,exact_midp,0.041666666666666664,0.0,0,0.0,1.0,bh_fdr_exploratory,1.0,False
meta-llama/Llama-3.2-3B-Instruct,0cb88a4f764b7a12671c53f0838cd831a0843b95,gsm_symbolic_official,A,delete,whitespace,anywhere,2,24,12,3,0,9,0.625,0.5,0.125,0.04166666666666663,0.3333333333333333,BCa,0.2,0.8,0.125,0.125,exact_midp,0.25,0.0,0,0.125,0.125,bh_fdr_exploratory,0.7151741293532337,False
meta-llama/Llama-3.2-3B-Instruct,0cb88a4f764b7a12671c53f0838cd831a0843b95,gsm_symbolic_official,A,insert,filler_word,anywhere,1,24,15,0,0,9,0.625,0.625,0.0,0.0,0.0,percentile,0.0,1.0,0.0,1.0,exact_midp,0.041666666666666664,0.0,0,0.0,1.0,bh_fdr_exploratory,1.0,False
meta-llama/Llama-3.2-3B-Instruct,0cb88a4f764b7a12671c53f0838cd831a0843b95,gsm_symbolic_official,A,insert,filler_word,anywhere,2,24,13,2,1,8,0.625,0.5833333333333334,0.04166666666666663,-0.08333333333333337,0.16666666666666674,BCa,0.13333333333333333,0.9333333333333333,0.125,0.6249999999999999,exact_midp,0.25,0.0,0,0.04166666666666663,0.6249999999999999,bh_fdr_exploratory,0.7274797570850203,False
meta-llama/Llama-3.2-3B-Instruct,0cb88a4f764b7a12671c53f0838cd831a0843b95,gsm_symbolic_official,A,insert,keyboard_neighbor,anywhere,1,24,13,2,0,9,0.625,0.5416666666666666,0.08333333333333337,0.0,0.2916666666666667,BCa,0.13333333333333333,0.8666666666666666,0.08333333333333333,0.25,exact_midp,0.125,0.0,0,0.08333333333333337,0.25,bh_fdr_exploratory,0.7151741293532337,False
meta-llama/Llama-3.2-3B-Instruct,0cb88a4f764b7a12671c53f0838cd831a0843b95,gsm_symbolic_official,A,insert,keyboard_neighbor,anywhere,2,24,13,2,0,9,0.625,0.5416666666666666,0.08333333333333337,0.0,0.2916666666666667,BCa,0.13333333333333333,0.8666666666666666,0.08333333333333333,0.25,exact_midp,0.125,0.0,0,0.08333333333333337,0.25,bh_fdr_exploratory,0.7151741293532337,False
meta-llama/Llama-3.2-3B-Instruct,0cb88a4f764b7a12671c53f0838cd831a0843b95,gsm_symbolic_official,A,insert,keyboard_neighbor,anywhere,4,24,12,3,1,8,0.625,0.5416666666666666,0.08333333333333337,-0.041666666666666685,0.29166666666666663,BCa,0.2,0.8666666666666666,0.16666666666666666,0.375,exact_midp,0.2916666666666667,0.0,0,0.08333333333333337,0.375,bh_fdr_exploratory,0.7151741293532337,False
meta-llama/Llama-3.2-3B-Instruct,0cb88a4f764b7a12671c53f0838cd831a0843b95,gsm_symbolic_official,A,substitute,fragmentation_matched,anywhere,1,42,22,6,1,13,0.6666666666666666,0.5476190476190477,0.11904761904761896,0.0,0.23809523809523803,BCa,0.21428571428571427,0.8214285714285715,0.16666666666666666,0.07031250000000001,exact_midp,0.23809523809523808,0.0,0,0.11904761904761896,0.07031250000000001,bh_fdr_exploratory,0.7151741293532337,False
meta-llama/Llama-3.2-3B-Instruct,0cb88a4f764b7a12671c53f0838cd831a0843b95,gsm_symbolic_official,A,substitute,fragmentation_matched,anywhere,2,46,19,11,0,16,0.6521739130434783,0.41304347826086957,0.2391304347826087,0.13043478260869568,0.3913043478260869,BCa,0.36666666666666664,0.6333333333333333,0.2391304347826087,0.00048828125,exact_midp,0.3695652173913043,0.0,0,0.2391304347826087,0.00048828125,bh_fdr_exploratory,0.28076171875,False
meta-llama/Llama-3.2-3B-Instruct,0cb88a4f764b7a12671c53f0838cd831a0843b95,gsm_symbolic_official,A,substitute,informative_word,answer_critical,1,24,14,1,1,8,0.625,0.625,0.0,-0.125,0.125,BCa,0.06666666666666667,1.0,0.08333333333333333,0.4999999999999998,exact_midp,0.16666666666666666,0.0,0,0.0,0.4999999999999998,bh_fdr_exploratory,0.7151741293532337,False
meta-llama/Llama-3.2-3B-Instruct,0cb88a4f764b7a12671c53f0838cd831a0843b95,gsm_symbolic_official,A,substitute,informative_word,answer_critical,2,24,10,5,2,7,0.625,0.5,0.125,-0.08333333333333337,0.33333333333333337,BCa,0.3333333333333333,0.8,0.2916666666666667,0.2890625,exact_midp,0.4166666666666667,0.0,0,0.125,0.2890625,bh_fdr_exploratory,0.7151741293532337,False
meta-llama/Llama-3.2-3B-Instruct,0cb88a4f764b7a12671c53f0838cd831a0843b95,gsm_symbolic_official,A,substitute,keyboard_neighbor,anywhere,1,24,14,1,2,7,0.625,0.6666666666666666,-0.04166666666666663,-0.16666666666666674,0.08333333333333337,BCa,0.06666666666666667,1.0666666666666667,0.125,0.6249999999999999,exact_midp,0.20833333333333334,0.0,0,-0.04166666666666663,0.6249999999999999,bh_fdr_exploratory,0.7274797570850203,False
meta-llama/Llama-3.2-3B-Instruct,0cb88a4f764b7a12671c53f0838cd831a0843b95,gsm_symbolic_official,A,substitute,keyboard_neighbor,anywhere,2,24,11,4,1,8,0.625,0.5,0.125,-0.04166666666666663,0.33333333333333326,BCa,0.26666666666666666,0.8,0.20833333333333334,0.21875000000000003,exact_midp,0.375,0.0,0,0.125,0.21875000000000003,holm_within_model_primary,0.8750000000000001,False
meta-llama/Llama-3.2-3B-Instruct,0cb88a4f764b7a12671c53f0838cd831a0843b95,gsm_symbolic_official,A,substitute,keyboard_neighbor,anywhere,4,24,12,3,0,9,0.625,0.5,0.125,0.04166666666666663,0.29166666666666674,BCa,0.2,0.8,0.125,0.125,exact_midp,0.25,0.0,0,0.125,0.125,bh_fdr_exploratory,0.7151741293532337,False
meta-llama/Llama-3.2-3B-Instruct,0cb88a4f764b7a12671c53f0838cd831a0843b95,gsm_symbolic_official,A,substitute,keyboard_neighbor,anywhere,8,24,8,7,1,8,0.625,0.375,0.25,0.041666666666666685,0.45833333333333337,BCa,0.4666666666666667,0.6,0.3333333333333333,0.039062500000000014,exact_midp,0.4583333333333333,0.0,0,0.25,0.039062500000000014,bh_fdr_exploratory,0.7151741293532337,False
meta-llama/Llama-3.2-3B-Instruct,0cb88a4f764b7a12671c53f0838cd831a0843b95,gsm_symbolic_official,A,substitute,keyboard_neighbor,content,1,24,14,1,1,8,0.625,0.625,0.0,-0.125,0.125,BCa,0.06666666666666667,1.0,0.08333333333333333,0.4999999999999998,exact_midp,0.20833333333333334,0.0,0,0.0,0.4999999999999998,bh_fdr_exploratory,0.7151741293532337,False
meta-llama/Llama-3.2-3B-Instruct,0cb88a4f764b7a12671c53f0838cd831a0843b95,gsm_symbolic_official,A,substitute,keyboard_neighbor,content,2,24,13,2,1,8,0.625,0.5833333333333334,0.04166666666666663,-0.08333333333333337,0.16666666666666674,BCa,0.13333333333333333,0.9333333333333333,0.125,0.6249999999999999,exact_midp,0.2916666666666667,0.0,0,0.04166666666666663,0.6249999999999999,bh_fdr_exploratory,0.7274797570850203,False
meta-llama/Llama-3.2-3B-Instruct,0cb88a4f764b7a12671c53f0838cd831a0843b95,gsm_symbolic_official,A,substitute,keyboard_neighbor,content,4,24,9,6,2,7,0.625,0.4583333333333333,0.16666666666666669,-0.04166666666666663,0.41666666666666663,BCa,0.4,0.7333333333333333,0.3333333333333333,0.17968749999999994,exact_midp,0.375,0.0,0,0.16666666666666669,0.17968749999999994,bh_fdr_exploratory,0.7151741293532337,False
meta-llama/Llama-3.2-3B-Instruct,0cb88a4f764b7a12671c53f0838cd831a0843b95,gsm_symbolic_official,A,transpose,keyboard_neighbor,anywhere,1,24,13,2,0,9,0.625,0.5416666666666666,0.08333333333333337,0.0,0.2916666666666667,BCa,0.13333333333333333,0.8666666666666666,0.08333333333333333,0.25,exact_midp,0.16666666666666666,0.0,0,0.08333333333333337,0.25,bh_fdr_exploratory,0.7151741293532337,False
meta-llama/Llama-3.2-3B-Instruct,0cb88a4f764b7a12671c53f0838cd831a0843b95,gsm_symbolic_official,A,transpose,keyboard_neighbor,anywhere,2,24,13,2,1,8,0.625,0.5833333333333334,0.04166666666666663,-0.08333333333333337,0.16666666666666674,BCa,0.13333333333333333,0.9333333333333333,0.125,0.6249999999999999,exact_midp,0.16666666666666666,0.0,0,0.04166666666666663,0.6249999999999999,bh_fdr_exploratory,0.7274797570850203,False
meta-llama/Llama-3.2-3B-Instruct,0cb88a4f764b7a12671c53f0838cd831a0843b95,gsm_symbolic_official,A,transpose,keyboard_neighbor,anywhere,4,24,12,3,3,6,0.625,0.625,0.0,-0.20833333333333331,0.20833333333333331,BCa,0.2,1.0,0.25,0.6875000000000002,exact_midp,0.375,0.0,0,0.0,0.6875000000000002,bh_fdr_exploratory,0.7661094961240312,False
meta-llama/Llama-3.2-3B-Instruct,0cb88a4f764b7a12671c53f0838cd831a0843b95,gsm_symbolic_official,B,substitute,homophone,anywhere,1,24,12,3,0,9,0.625,0.5,0.125,0.04166666666666663,0.3333333333333333,BCa,0.2,0.8,0.125,0.125,exact_midp,0.16666666666666666,0.0,0,0.125,0.125,bh_fdr_exploratory,0.7151741293532337,False
meta-llama/Llama-3.2-3B-Instruct,0cb88a4f764b7a12671c53f0838cd831a0843b95,gsm_symbolic_official,B,substitute,homophone,anywhere,2,24,10,5,2,7,0.625,0.5,0.125,-0.08333333333333337,0.33333333333333337,BCa,0.3333333333333333,0.8,0.2916666666666667,0.2890625,exact_midp,0.4583333333333333,0.0,0,0.125,0.2890625,bh_fdr_exploratory,0.7151741293532337,False
meta-llama/Llama-3.2-3B-Instruct,0cb88a4f764b7a12671c53f0838cd831a0843b95,gsm_symbolic_official,B,substitute,real_word,anywhere,2,24,11,4,0,9,0.625,0.4583333333333333,0.16666666666666669,0.04166666666666674,0.375,BCa,0.26666666666666666,0.7333333333333333,0.16666666666666666,0.062499999999999986,exact_midp,0.25,0.0,0,0.16666666666666669,0.062499999999999986,bh_fdr_exploratory,0.7151741293532337,False
meta-llama/Llama-3.2-3B-Instruct,0cb88a4f764b7a12671c53f0838cd831a0843b95,gsm_symbolic_official,B,substitute,real_word,anywhere,3,24,8,7,1,8,0.625,0.375,0.25,0.041666666666666685,0.45833333333333337,BCa,0.4666666666666667,0.6,0.3333333333333333,0.039062500000000014,exact_midp,0.5833333333333334,0.0,0,0.25,0.039062500000000014,bh_fdr_exploratory,0.7151741293532337,False
meta-llama/Llama-3.2-3B-Instruct,0cb88a4f764b7a12671c53f0838cd831a0843b95,gsm_symbolic_official,B,substitute,real_word,anywhere,4,24,9,6,3,6,0.625,0.5,0.125,-0.125,0.375,BCa,0.4,0.8,0.375,0.34374999999999994,exact_midp,0.5416666666666666,0.0,0,0.125,0.34374999999999994,bh_fdr_exploratory,0.7151741293532337,False
meta-llama/Llama-3.2-3B-Instruct,0cb88a4f764b7a12671c53f0838cd831a0843b95,gsm_symbolic_official,C,substitute,keyboard_neighbor,anywhere,0,16,7,2,1,6,0.5625,0.5,0.0625,-0.125,0.3125,BCa,0.2222222222222222,0.8888888888888888,0.1875,0.6249999999999999,exact_midp,0.75,0.0,0,0.0625,0.6249999999999999,bh_fdr_exploratory,0.7274797570850203,False
meta-llama/Llama-3.2-3B-Instruct,0cb88a4f764b7a12671c53f0838cd831a0843b95,mmlu,A,delete,keyboard_neighbor,anywhere,1,24,9,1,2,12,0.4166666666666667,0.4583333333333333,-0.04166666666666663,-0.16666666666666669,0.12499999999999997,BCa,0.1,1.0999999999999999,0.125,0.6249999999999999,exact_midp,0.16666666666666666,0.041666666666666664,0,-0.08695652173913043,0.25,bh_fdr_exploratory,0.7274797570850203,False
meta-llama/Llama-3.2-3B-Instruct,0cb88a4f764b7a12671c53f0838cd831a0843b95,mmlu,A,delete,keyboard_neighbor,anywhere,2,24,10,0,3,11,0.4166666666666667,0.5416666666666666,-0.12499999999999994,-0.25000000000000006,0.0,BCa,0.0,1.2999999999999998,0.125,0.125,exact_midp,0.20833333333333334,0.0,0,-0.12499999999999994,0.125,bh_fdr_exploratory,0.7151741293532337,False
meta-llama/Llama-3.2-3B-Instruct,0cb88a4f764b7a12671c53f0838cd831a0843b95,mmlu,A,delete,keyboard_neighbor,anywhere,4,24,9,1,4,10,0.4166666666666667,0.5416666666666666,-0.12499999999999994,-0.2916666666666667,0.04166666666666674,BCa,0.1,1.2999999999999998,0.20833333333333334,0.21875000000000003,exact_midp,0.3333333333333333,0.0,0,-0.12499999999999994,0.21875000000000003,bh_fdr_exploratory,0.7151741293532337,False
meta-llama/Llama-3.2-3B-Instruct,0cb88a4f764b7a12671c53f0838cd831a0843b95,mmlu,A,delete,whitespace,anywhere,1,24,10,0,1,13,0.4166666666666667,0.4583333333333333,-0.04166666666666663,-0.16666666666666669,0.0,BCa,0.0,1.0999999999999999,0.041666666666666664,0.4999999999999999,exact_midp,0.041666666666666664,0.0,0,-0.04166666666666663,0.4999999999999999,bh_fdr_exploratory,0.7151741293532337,False
meta-llama/Llama-3.2-3B-Instruct,0cb88a4f764b7a12671c53f0838cd831a0843b95,mmlu,A,delete,whitespace,anywhere,2,24,10,0,2,12,0.4166666666666667,0.5,-0.08333333333333331,-0.25,0.0,BCa,0.0,1.2,0.08333333333333333,0.25,exact_midp,0.125,0.0,0,-0.08333333333333331,0.25,bh_fdr_exploratory,0.7151741293532337,False
meta-llama/Llama-3.2-3B-Instruct,0cb88a4f764b7a12671c53f0838cd831a0843b95,mmlu,A,insert,filler_word,anywhere,1,24,10,0,3,11,0.4166666666666667,0.5416666666666666,-0.12499999999999994,-0.25000000000000006,0.0,BCa,0.0,1.2999999999999998,0.125,0.125,exact_midp,0.20833333333333334,0.0,0,-0.12499999999999994,0.125,bh_fdr_exploratory,0.7151741293532337,False
meta-llama/Llama-3.2-3B-Instruct,0cb88a4f764b7a12671c53f0838cd831a0843b95,mmlu,A,insert,filler_word,anywhere,2,24,10,0,4,10,0.4166666666666667,0.5833333333333334,-0.16666666666666669,-0.375,-0.04166666666666674,BCa,0.0,1.4000000000000001,0.16666666666666666,0.062499999999999986,exact_midp,0.20833333333333334,0.0,0,-0.16666666666666669,0.062499999999999986,bh_fdr_exploratory,0.7151741293532337,False
meta-llama/Llama-3.2-3B-Instruct,0cb88a4f764b7a12671c53f0838cd831a0843b95,mmlu,A,insert,keyboard_neighbor,anywhere,1,24,10,0,2,12,0.4166666666666667,0.5,-0.08333333333333331,-0.25,0.0,BCa,0.0,1.2,0.08333333333333333,0.25,exact_midp,0.125,0.0,0,-0.08333333333333331,0.25,bh_fdr_exploratory,0.7151741293532337,False
meta-llama/Llama-3.2-3B-Instruct,0cb88a4f764b7a12671c53f0838cd831a0843b95,mmlu,A,insert,keyboard_neighbor,anywhere,2,24,10,0,3,11,0.4166666666666667,0.5416666666666666,-0.12499999999999994,-0.25000000000000006,0.0,BCa,0.0,1.2999999999999998,0.125,0.125,exact_midp,0.20833333333333334,0.0,0,-0.12499999999999994,0.125,bh_fdr_exploratory,0.7151741293532337,False
meta-llama/Llama-3.2-3B-Instruct,0cb88a4f764b7a12671c53f0838cd831a0843b95,mmlu,A,insert,keyboard_neighbor,anywhere,4,24,9,1,2,12,0.4166666666666667,0.4583333333333333,-0.04166666666666663,-0.16666666666666669,0.125,BCa,0.1,1.0999999999999999,0.125,0.6249999999999999,exact_midp,0.25,0.041666666666666664,0,-0.08695652173913043,0.25,bh_fdr_exploratory,0.7274797570850203,False
meta-llama/Llama-3.2-3B-Instruct,0cb88a4f764b7a12671c53f0838cd831a0843b95,mmlu,A,substitute,fragmentation_matched,anywhere,1,40,14,0,4,22,0.35,0.45,-0.10000000000000003,-0.25,-0.04999999999999999,BCa,0.0,1.2857142857142858,0.1,0.062499999999999986,exact_midp,0.15,0.0,0,-0.10000000000000003,0.062499999999999986,bh_fdr_exploratory,0.7151741293532337,False
meta-llama/Llama-3.2-3B-Instruct,0cb88a4f764b7a12671c53f0838cd831a0843b95,mmlu,A,substitute,fragmentation_matched,anywhere,2,40,15,1,6,18,0.4,0.525,-0.125,-0.27499999999999997,-0.02499999999999991,BCa,0.0625,1.3125,0.175,0.07031250000000001,exact_midp,0.225,0.0,0,-0.125,0.07031250000000001,bh_fdr_exploratory,0.7151741293532337,False
meta-llama/Llama-3.2-3B-Instruct,0cb88a4f764b7a12671c53f0838cd831a0843b95,mmlu,A,substitute,informative_word,answer_critical,1,24,9,1,2,12,0.4166666666666667,0.4583333333333333,-0.04166666666666663,-0.16666666666666669,0.125,BCa,0.1,1.0999999999999999,0.125,0.6249999999999999,exact_midp,0.20833333333333334,0.0,0,-0.04166666666666663,0.6249999999999999,bh_fdr_exploratory,0.7274797570850203,False
meta-llama/Llama-3.2-3B-Instruct,0cb88a4f764b7a12671c53f0838cd831a0843b95,mmlu,A,substitute,informative_word,answer_critical,2,24,10,0,2,12,0.4166666666666667,0.5,-0.08333333333333331,-0.24999999999999997,0.0,BCa,0.0,1.2,0.08333333333333333,0.25,exact_midp,0.20833333333333334,0.0,0,-0.08333333333333331,0.25,bh_fdr_exploratory,0.7151741293532337,False
meta-llama/Llama-3.2-3B-Instruct,0cb88a4f764b7a12671c53f0838cd831a0843b95,mmlu,A,substitute,keyboard_neighbor,anywhere,1,24,9,1,1,13,0.4166666666666667,0.4166666666666667,0.0,-0.125,0.125,BCa,0.1,1.0,0.08333333333333333,0.4999999999999998,exact_midp,0.16666666666666666,0.0,0,0.0,0.4999999999999998,bh_fdr_exploratory,0.7151741293532337,False
meta-llama/Llama-3.2-3B-Instruct,0cb88a4f764b7a12671c53f0838cd831a0843b95,mmlu,A,substitute,keyboard_neighbor,anywhere,2,24,10,0,3,11,0.4166666666666667,0.5416666666666666,-0.12499999999999994,-0.25000000000000006,0.0,BCa,0.0,1.2999999999999998,0.125,0.125,exact_midp,0.20833333333333334,0.0,0,-0.12499999999999994,0.125,bh_fdr_exploratory,0.7151741293532337,False
meta-llama/Llama-3.2-3B-Instruct,0cb88a4f764b7a12671c53f0838cd831a0843b95,mmlu,A,substitute,keyboard_neighbor,anywhere,4,24,8,2,3,11,0.4166666666666667,0.4583333333333333,-0.04166666666666663,-0.20833333333333331,0.16666666666666666,BCa,0.2,1.0999999999999999,0.20833333333333334,0.6875000000000002,exact_midp,0.25,0.0,0,-0.04166666666666663,0.6875000000000002,holm_within_model_primary,1.0,False
meta-llama/Llama-3.2-3B-Instruct,0cb88a4f764b7a12671c53f0838cd831a0843b95,mmlu,A,substitute,keyboard_neighbor,anywhere,8,24,8,2,1,13,0.4166666666666667,0.375,0.041666666666666685,-0.08333333333333331,0.20833333333333334,BCa,0.2,0.8999999999999999,0.125,0.6249999999999999,exact_midp,0.3333333333333333,0.0,0,0.041666666666666685,0.6249999999999999,bh_fdr_exploratory,0.7274797570850203,False
meta-llama/Llama-3.2-3B-Instruct,0cb88a4f764b7a12671c53f0838cd831a0843b95,mmlu,A,substitute,keyboard_neighbor,content,1,24,10,0,2,12,0.4166666666666667,0.5,-0.08333333333333331,-0.25,0.0,BCa,0.0,1.2,0.08333333333333333,0.25,exact_midp,0.125,0.0,0,-0.08333333333333331,0.25,bh_fdr_exploratory,0.7151741293532337,False
meta-llama/Llama-3.2-3B-Instruct,0cb88a4f764b7a12671c53f0838cd831a0843b95,mmlu,A,substitute,keyboard_neighbor,content,2,24,9,1,3,11,0.4166666666666667,0.5,-0.08333333333333331,-0.25,0.08333333333333331,BCa,0.1,1.2,0.16666666666666666,0.375,exact_midp,0.2916666666666667,0.0,0,-0.08333333333333331,0.375,bh_fdr_exploratory,0.7151741293532337,False
meta-llama/Llama-3.2-3B-Instruct,0cb88a4f764b7a12671c53f0838cd831a0843b95,mmlu,A,substitute,keyboard_neighbor,content,4,24,10,0,3,11,0.4166666666666667,0.5416666666666666,-0.12499999999999994,-0.25000000000000006,0.0,BCa,0.0,1.2999999999999998,0.125,0.125,exact_midp,0.2916666666666667,0.0,0,-0.12499999999999994,0.125,bh_fdr_exploratory,0.7151741293532337,False
meta-llama/Llama-3.2-3B-Instruct,0cb88a4f764b7a12671c53f0838cd831a0843b95,mmlu,A,transpose,keyboard_neighbor,anywhere,1,24,10,0,3,11,0.4166666666666667,0.5416666666666666,-0.12499999999999994,-0.25000000000000006,0.0,BCa,0.0,1.2999999999999998,0.125,0.125,exact_midp,0.16666666666666666,0.0,0,-0.12499999999999994,0.125,bh_fdr_exploratory,0.7151741293532337,False
meta-llama/Llama-3.2-3B-Instruct,0cb88a4f764b7a12671c53f0838cd831a0843b95,mmlu,A,transpose,keyboard_neighbor,anywhere,2,24,9,1,2,12,0.4166666666666667,0.4583333333333333,-0.04166666666666663,-0.16666666666666669,0.08333333333333337,BCa,0.1,1.0999999999999999,0.125,0.6249999999999999,exact_midp,0.20833333333333334,0.0,0,-0.04166666666666663,0.6249999999999999,bh_fdr_exploratory,0.7274797570850203,False
meta-llama/Llama-3.2-3B-Instruct,0cb88a4f764b7a12671c53f0838cd831a0843b95,mmlu,A,transpose,keyboard_neighbor,anywhere,4,24,9,1,1,13,0.4166666666666667,0.4166666666666667,0.0,-0.125,0.125,BCa,0.1,1.0,0.08333333333333333,0.4999999999999998,exact_midp,0.2916666666666667,0.0,0,0.0,0.4999999999999998,bh_fdr_exploratory,0.7151741293532337,False
meta-llama/Llama-3.2-3B-Instruct,0cb88a4f764b7a12671c53f0838cd831a0843b95,mmlu,B,substitute,homophone,anywhere,1,23,10,0,0,13,0.43478260869565216,0.43478260869565216,0.0,0.0,0.0,percentile,0.0,1.0,0.0,1.0,exact_midp,0.043478260869565216,0.0,0,0.0,1.0,bh_fdr_exploratory,1.0,False
meta-llama/Llama-3.2-3B-Instruct,0cb88a4f764b7a12671c53f0838cd831a0843b95,mmlu,B,substitute,homophone,anywhere,2,22,8,1,1,12,0.4090909090909091,0.4090909090909091,0.0,-0.13636363636363635,0.13636363636363635,BCa,0.1111111111111111,1.0,0.09090909090909091,0.4999999999999998,exact_midp,0.09090909090909091,0.0,0,0.0,0.4999999999999998,bh_fdr_exploratory,0.7151741293532337,False
meta-llama/Llama-3.2-3B-Instruct,0cb88a4f764b7a12671c53f0838cd831a0843b95,mmlu,B,substitute,real_word,anywhere,2,24,10,0,3,11,0.4166666666666667,0.5416666666666666,-0.12499999999999994,-0.25000000000000006,0.0,BCa,0.0,1.2999999999999998,0.125,0.125,exact_midp,0.25,0.0,0,-0.12499999999999994,0.125,bh_fdr_exploratory,0.7151741293532337,False
meta-llama/Llama-3.2-3B-Instruct,0cb88a4f764b7a12671c53f0838cd831a0843b95,mmlu,B,substitute,real_word,anywhere,3,24,8,2,1,13,0.4166666666666667,0.375,0.041666666666666685,-0.08333333333333331,0.20833333333333334,BCa,0.2,0.8999999999999999,0.125,0.6249999999999999,exact_midp,0.20833333333333334,0.0,0,0.041666666666666685,0.6249999999999999,bh_fdr_exploratory,0.7274797570850203,False
meta-llama/Llama-3.2-3B-Instruct,0cb88a4f764b7a12671c53f0838cd831a0843b95,mmlu,B,substitute,real_word,anywhere,4,24,5,5,5,9,0.4166666666666667,0.4166666666666667,0.0,-0.25,0.25,BCa,0.5,1.0,0.4166666666666667,0.75390625,exact_midp,0.5833333333333334,0.041666666666666664,0,-0.04347826086956519,0.7539062500000002,bh_fdr_exploratory,0.8257068452380956,False
meta-llama/Llama-3.2-3B-Instruct,0cb88a4f764b7a12671c53f0838cd831a0843b95,mmlu,C,substitute,keyboard_neighbor,anywhere,0,24,10,0,2,12,0.4166666666666667,0.5,-0.08333333333333331,-0.25,0.0,BCa,0.0,1.2,0.08333333333333333,0.25,exact_midp,0.75,0.0,0,-0.08333333333333331,0.25,bh_fdr_exploratory,0.7151741293532337,False
meta-llama/Llama-3.2-3B-Instruct,0cb88a4f764b7a12671c53f0838cd831a0843b95,mmlu_pro,A,delete,keyboard_neighbor,anywhere,1,24,2,1,1,20,0.125,0.125,0.0,-0.125,0.125,BCa,0.3333333333333333,1.0,0.08333333333333333,0.4999999999999998,exact_midp,0.3333333333333333,0.041666666666666664,0,0.0,0.4999999999999998,bh_fdr_exploratory,0.7151741293532337,False
meta-llama/Llama-3.2-3B-Instruct,0cb88a4f764b7a12671c53f0838cd831a0843b95,mmlu_pro,A,delete,keyboard_neighbor,anywhere,2,24,3,0,1,20,0.125,0.16666666666666666,-0.04166666666666666,-0.16666666666666669,0.0,BCa,0.0,1.3333333333333333,0.041666666666666664,0.4999999999999999,exact_midp,0.25,0.041666666666666664,0,-0.043478260869565216,0.4999999999999999,bh_fdr_exploratory,0.7151741293532337,False
meta-llama/Llama-3.2-3B-Instruct,0cb88a4f764b7a12671c53f0838cd831a0843b95,mmlu_pro,A,delete,keyboard_neighbor,anywhere,4,24,1,2,0,21,0.125,0.041666666666666664,0.08333333333333334,0.04166666666666666,0.3333333333333333,BCa,0.6666666666666666,0.3333333333333333,0.08333333333333333,0.25,exact_midp,0.3333333333333333,0.08333333333333333,0,0.0909090909090909,0.25,bh_fdr_exploratory,0.7151741293532337,False
meta-llama/Llama-3.2-3B-Instruct,0cb88a4f764b7a12671c53f0838cd831a0843b95,mmlu_pro,A,delete,whitespace,anywhere,1,24,3,0,1,20,0.125,0.16666666666666666,-0.04166666666666666,-0.16666666666666669,0.0,BCa,0.0,1.3333333333333333,0.041666666666666664,0.4999999999999999,exact_midp,0.16666666666666666,0.041666666666666664,0,-0.043478260869565216,0.4999999999999999,bh_fdr_exploratory,0.7151741293532337,False
meta-llama/Llama-3.2-3B-Instruct,0cb88a4f764b7a12671c53f0838cd831a0843b95,mmlu_pro,A,delete,whitespace,anywhere,2,24,3,0,2,19,0.125,0.20833333333333334,-0.08333333333333334,-0.29166666666666663,0.0,BCa,0.0,1.6666666666666667,0.08333333333333333,0.25,exact_midp,0.2916666666666667,0.041666666666666664,0,-0.08695652173913043,0.25,bh_fdr_exploratory,0.7151741293532337,False
meta-llama/Llama-3.2-3B-Instruct,0cb88a4f764b7a12671c53f0838cd831a0843b95,mmlu_pro,A,insert,filler_word,anywhere,1,24,3,0,1,20,0.125,0.16666666666666666,-0.04166666666666666,-0.16666666666666669,0.0,BCa,0.0,1.3333333333333333,0.041666666666666664,0.4999999999999999,exact_midp,0.3333333333333333,0.08333333333333333,0,-0.04545454545454547,0.4999999999999999,bh_fdr_exploratory,0.7151741293532337,False
meta-llama/Llama-3.2-3B-Instruct,0cb88a4f764b7a12671c53f0838cd831a0843b95,mmlu_pro,A,insert,filler_word,anywhere,2,24,3,0,0,21,0.125,0.125,0.0,0.0,0.0,percentile,0.0,1.0,0.0,1.0,exact_midp,0.25,0.08333333333333333,0,0.0,1.0,bh_fdr_exploratory,1.0,False
meta-llama/Llama-3.2-3B-Instruct,0cb88a4f764b7a12671c53f0838cd831a0843b95,mmlu_pro,A,insert,keyboard_neighbor,anywhere,1,24,3,0,0,21,0.125,0.125,0.0,0.0,0.0,percentile,0.0,1.0,0.0,1.0,exact_midp,0.25,0.041666666666666664,0,0.0,1.0,bh_fdr_exploratory,1.0,False
meta-llama/Llama-3.2-3B-Instruct,0cb88a4f764b7a12671c53f0838cd831a0843b95,mmlu_pro,A,insert,keyboard_neighbor,anywhere,2,24,3,0,2,19,0.125,0.20833333333333334,-0.08333333333333334,-0.2916666666666667,0.0,BCa,0.0,1.6666666666666667,0.08333333333333333,0.25,exact_midp,0.375,0.041666666666666664,0,-0.08695652173913043,0.25,bh_fdr_exploratory,0.7151741293532337,False
meta-llama/Llama-3.2-3B-Instruct,0cb88a4f764b7a12671c53f0838cd831a0843b95,mmlu_pro,A,insert,keyboard_neighbor,anywhere,4,24,3,0,1,20,0.125,0.16666666666666666,-0.04166666666666666,-0.16666666666666669,0.0,BCa,0.0,1.3333333333333333,0.041666666666666664,0.4999999999999999,exact_midp,0.2916666666666667,0.0,0,-0.04166666666666666,0.4999999999999999,bh_fdr_exploratory,0.7151741293532337,False
meta-llama/Llama-3.2-3B-Instruct,0cb88a4f764b7a12671c53f0838cd831a0843b95,mmlu_pro,A,substitute,fragmentation_matched,anywhere,1,36,2,0,1,33,0.05555555555555555,0.08333333333333333,-0.027777777777777776,-0.1388888888888889,0.0,BCa,0.0,1.5,0.027777777777777776,0.4999999999999999,exact_midp,0.3055555555555556,0.05555555555555555,0,-0.02941176470588236,0.4999999999999999,bh_fdr_exploratory,0.7151741293532337,False
meta-llama/Llama-3.2-3B-Instruct,0cb88a4f764b7a12671c53f0838cd831a0843b95,mmlu_pro,A,substitute,fragmentation_matched,anywhere,2,44,4,0,0,40,0.09090909090909091,0.09090909090909091,0.0,0.0,0.0,percentile,0.0,1.0,0.0,1.0,exact_midp,0.3409090909090909,0.11363636363636363,0,0.0,1.0,bh_fdr_exploratory,1.0,False
meta-llama/Llama-3.2-3B-Instruct,0cb88a4f764b7a12671c53f0838cd831a0843b95,mmlu_pro,A,substitute,informative_word,answer_critical,1,24,3,0,0,21,0.125,0.125,0.0,0.0,0.0,percentile,0.0,1.0,0.0,1.0,exact_midp,0.16666666666666666,0.0,0,0.0,1.0,bh_fdr_exploratory,1.0,False
meta-llama/Llama-3.2-3B-Instruct,0cb88a4f764b7a12671c53f0838cd831a0843b95,mmlu_pro,A,substitute,informative_word,answer_critical,2,24,2,1,1,20,0.125,0.125,0.0,-0.125,0.125,BCa,0.3333333333333333,1.0,0.08333333333333333,0.4999999999999998,exact_midp,0.5,0.125,0,0.0,0.4999999999999998,bh_fdr_exploratory,0.7151741293532337,False
meta-llama/Llama-3.2-3B-Instruct,0cb88a4f764b7a12671c53f0838cd831a0843b95,mmlu_pro,A,substitute,keyboard_neighbor,anywhere,1,24,2,1,2,19,0.125,0.16666666666666666,-0.04166666666666666,-0.16666666666666669,0.125,BCa,0.3333333333333333,1.3333333333333333,0.125,0.6249999999999999,exact_midp,0.2916666666666667,0.041666666666666664,0,-0.043478260869565216,0.6249999999999999,bh_fdr_exploratory,0.7274797570850203,False
meta-llama/Llama-3.2-3B-Instruct,0cb88a4f764b7a12671c53f0838cd831a0843b95,mmlu_pro,A,substitute,keyboard_neighbor,anywhere,2,24,1,2,2,19,0.125,0.125,0.0,-0.16666666666666669,0.16666666666666669,BCa,0.6666666666666666,1.0,0.16666666666666666,0.625,exact_midp,0.4166666666666667,0.041666666666666664,0,0.0,0.625,bh_fdr_exploratory,0.7274797570850203,False
meta-llama/Llama-3.2-3B-Instruct,0cb88a4f764b7a12671c53f0838cd831a0843b95,mmlu_pro,A,substitute,keyboard_neighbor,anywhere,4,24,2,1,3,18,0.125,0.20833333333333334,-0.08333333333333334,-0.2916666666666667,0.04166666666666667,BCa,0.3333333333333333,1.6666666666666667,0.16666666666666666,0.375,exact_midp,0.4583333333333333,0.041666666666666664,0,-0.08695652173913043,0.375,holm_within_model_primary,1.0,False
meta-llama/Llama-3.2-3B-Instruct,0cb88a4f764b7a12671c53f0838cd831a0843b95,mmlu_pro,A,substitute,keyboard_neighbor,anywhere,8,24,2,1,1,20,0.125,0.125,0.0,-0.125,0.125,BCa,0.3333333333333333,1.0,0.08333333333333333,0.4999999999999998,exact_midp,0.5,0.041666666666666664,0,0.0,0.4999999999999998,bh_fdr_exploratory,0.7151741293532337,False
meta-llama/Llama-3.2-3B-Instruct,0cb88a4f764b7a12671c53f0838cd831a0843b95,mmlu_pro,A,substitute,keyboard_neighbor,content,1,24,2,1,0,21,0.125,0.08333333333333333,0.04166666666666667,0.0,0.25,BCa,0.3333333333333333,0.6666666666666666,0.041666666666666664,0.4999999999999999,exact_midp,0.3333333333333333,0.08333333333333333,0,0.04545454545454544,0.4999999999999999,bh_fdr_exploratory,0.7151741293532337,False
meta-llama/Llama-3.2-3B-Instruct,0cb88a4f764b7a12671c53f0838cd831a0843b95,mmlu_pro,A,substitute,keyboard_neighbor,content,2,24,3,0,1,20,0.125,0.16666666666666666,-0.04166666666666666,-0.16666666666666666,0.0,BCa,0.0,1.3333333333333333,0.041666666666666664,0.4999999999999999,exact_midp,0.3333333333333333,0.041666666666666664,0,-0.043478260869565216,0.4999999999999999,bh_fdr_exploratory,0.7151741293532337,False
meta-llama/Llama-3.2-3B-Instruct,0cb88a4f764b7a12671c53f0838cd831a0843b95,mmlu_pro,A,substitute,keyboard_neighbor,content,4,24,3,0,0,21,0.125,0.125,0.0,0.0,0.0,percentile,0.0,1.0,0.0,1.0,exact_midp,0.2916666666666667,0.041666666666666664,0,0.0,1.0,bh_fdr_exploratory,1.0,False
meta-llama/Llama-3.2-3B-Instruct,0cb88a4f764b7a12671c53f0838cd831a0843b95,mmlu_pro,A,transpose,keyboard_neighbor,anywhere,1,24,3,0,2,19,0.125,0.20833333333333334,-0.08333333333333334,-0.2916666666666667,0.0,BCa,0.0,1.6666666666666667,0.08333333333333333,0.25,exact_midp,0.2916666666666667,0.08333333333333333,0,-0.09090909090909091,0.25,bh_fdr_exploratory,0.7151741293532337,False
meta-llama/Llama-3.2-3B-Instruct,0cb88a4f764b7a12671c53f0838cd831a0843b95,mmlu_pro,A,transpose,keyboard_neighbor,anywhere,2,24,3,0,1,20,0.125,0.16666666666666666,-0.04166666666666666,-0.16666666666666669,0.0,BCa,0.0,1.3333333333333333,0.041666666666666664,0.4999999999999999,exact_midp,0.5,0.125,0,-0.047619047619047616,0.4999999999999999,bh_fdr_exploratory,0.7151741293532337,False
meta-llama/Llama-3.2-3B-Instruct,0cb88a4f764b7a12671c53f0838cd831a0843b95,mmlu_pro,A,transpose,keyboard_neighbor,anywhere,4,24,2,1,2,19,0.125,0.16666666666666666,-0.04166666666666666,-0.16666666666666669,0.125,BCa,0.3333333333333333,1.3333333333333333,0.125,0.6249999999999999,exact_midp,0.625,0.08333333333333333,0,-0.04545454545454547,0.6249999999999999,bh_fdr_exploratory,0.7274797570850203,False
meta-llama/Llama-3.2-3B-Instruct,0cb88a4f764b7a12671c53f0838cd831a0843b95,mmlu_pro,B,substitute,homophone,anywhere,1,24,3,0,0,21,0.125,0.125,0.0,0.0,0.0,percentile,0.0,1.0,0.0,1.0,exact_midp,0.25,0.041666666666666664,0,0.0,1.0,bh_fdr_exploratory,1.0,False
meta-llama/Llama-3.2-3B-Instruct,0cb88a4f764b7a12671c53f0838cd831a0843b95,mmlu_pro,B,substitute,homophone,anywhere,2,23,3,0,2,18,0.13043478260869565,0.21739130434782608,-0.08695652173913043,-0.26086956521739135,0.0,BCa,0.0,1.6666666666666667,0.08695652173913043,0.25,exact_midp,0.4782608695652174,0.043478260869565216,0,-0.09090909090909091,0.25,bh_fdr_exploratory,0.7151741293532337,False
meta-llama/Llama-3.2-3B-Instruct,0cb88a4f764b7a12671c53f0838cd831a0843b95,mmlu_pro,B,substitute,real_word,anywhere,2,24,3,0,0,21,0.125,0.125,0.0,0.0,0.0,percentile,0.0,1.0,0.0,1.0,exact_midp,0.4166666666666667,0.041666666666666664,0,0.0,1.0,bh_fdr_exploratory,1.0,False
meta-llama/Llama-3.2-3B-Instruct,0cb88a4f764b7a12671c53f0838cd831a0843b95,mmlu_pro,B,substitute,real_word,anywhere,3,24,1,2,1,20,0.125,0.08333333333333333,0.04166666666666667,-0.08333333333333333,0.25,BCa,0.6666666666666666,0.6666666666666666,0.125,0.6249999999999999,exact_midp,0.4583333333333333,0.041666666666666664,0,0.043478260869565216,0.6249999999999999,bh_fdr_exploratory,0.7274797570850203,False
meta-llama/Llama-3.2-3B-Instruct,0cb88a4f764b7a12671c53f0838cd831a0843b95,mmlu_pro,B,substitute,real_word,anywhere,4,24,1,2,0,21,0.125,0.041666666666666664,0.08333333333333334,0.04166666666666666,0.2916666666666667,BCa,0.6666666666666666,0.3333333333333333,0.08333333333333333,0.25,exact_midp,0.4583333333333333,0.125,0,0.09523809523809523,0.25,bh_fdr_exploratory,0.7151741293532337,False
meta-llama/Llama-3.2-3B-Instruct,0cb88a4f764b7a12671c53f0838cd831a0843b95,mmlu_pro,C,substitute,keyboard_neighbor,anywhere,0,24,1,2,5,16,0.125,0.25,-0.125,-0.3333333333333333,0.08333333333333334,BCa,0.6666666666666666,2.0,0.2916666666666667,0.2890625,exact_midp,0.875,0.041666666666666664,0,-0.13043478260869565,0.2890625,bh_fdr_exploratory,0.7151741293532337,False
